Materia,Total_Cupos,Total_Secciones,Residuos_Cupos,semestre_numerico,semestre_original,cupos_usados,nuevos_alumnos,lag1_cupos_usados,registrados,preregistrados,calendario
ADMINISTRACION DE BASES DE DATOS,34.0,1,0.0,4032,2016A,34.0,186,0.0,145,132,A
ADMINISTRACION DE BASES DE DATOS,160.0,4,53.0,4033,2016B,107.0,186,34.0,154,116,B
ADMINISTRACION DE BASES DE DATOS,240.0,6,127.0,4034,2017A,113.0,186,107.0,145,132,A
ADMINISTRACION DE BASES DE DATOS,199.0,6,77.0,4035,2017B,122.0,186,113.0,154,116,B
ADMINISTRACION DE BASES DE DATOS,150.0,5,12.0,4036,2018A,138.0,186,122.0,145,132,A
ADMINISTRACION DE BASES DE DATOS,125.0,5,-2.0,4037,2018B,127.0,186,138.0,137,78,B
ADMINISTRACION DE BASES DE DATOS,138.0,5,5.0,4038,2019A,133.0,188,127.0,124,94,A
ADMINISTRACION DE BASES DE DATOS,120.0,5,-7.0,4039,2019B,127.0,225,133.0,129,100,B
ADMINISTRACION DE BASES DE DATOS,185.0,5,27.0,4040,2020A,158.0,225,127.0,126,92,A
ADMINISTRACION DE BASES DE DATOS,280.0,7,141.0,4041,2020B,139.0,225,158.0,158,78,B
ADMINISTRACION DE BASES DE DATOS,310.0,8,166.0,4042,2021A,144.0,275,139.0,111,75,A
ADMINISTRACION DE BASES DE DATOS,222.0,8,71.0,4043,2021B,151.0,275,144.0,144,86,B
ADMINISTRACION DE BASES DE DATOS,211.0,7,4.0,4044,2022A,207.0,275,151.0,151,117,A
ADMINISTRACION DE BASES DE DATOS,275.0,7,83.0,4045,2022B,192.0,275,207.0,207,103,B
ADMINISTRACION DE BASES DE DATOS,240.0,6,104.0,4046,2023A,136.0,275,192.0,192,137,A
ADMINISTRACION DE BASES DE DATOS,160.0,5,2.0,4047,2023B,158.0,0,136.0,136,152,B
ADMINISTRACION DE BASES DE DATOS,200.0,5,32.0,4048,2024A,168.0,0,158.0,158,189,A
ADMINISTRACION DE BASES DE DATOS,151.0,4,0.0,4049,2024B,151.0,0,168.0,168,213,B
ADMINISTRACION DE BASES DE DATOS,216.0,6,27.0,4050,2025A,189.0,0,151.0,151,223,A
ADMINISTRACION DE REDES,72.0,4,14.0,4028,2014A,58.0,186,0.0,189,172,A
ADMINISTRACION DE REDES,168.0,7,56.0,4029,2014B,112.0,186,58.0,159,191,B
ADMINISTRACION DE REDES,409.0,10,35.0,4030,2015A,374.0,186,112.0,189,172,A
ADMINISTRACION DE REDES,284.0,10,12.0,4031,2015B,272.0,186,374.0,159,191,B
ADMINISTRACION DE REDES,270.0,9,19.0,4032,2016A,251.0,186,272.0,189,172,A
ADMINISTRACION DE REDES,223.0,11,22.0,4033,2016B,201.0,186,251.0,159,191,B
ADMINISTRACION DE REDES,80.0,2,33.0,4034,2017A,47.0,186,201.0,189,172,A
ADMINISTRACION DE REDES,70.0,2,16.0,4035,2017B,54.0,186,47.0,159,191,B
ADMINISTRACION DE REDES,180.0,6,40.0,4036,2018A,140.0,186,54.0,189,172,A
ADMINISTRACION DE REDES,160.0,8,15.0,4037,2018B,145.0,186,140.0,139,118,B
ADMINISTRACION DE REDES,129.0,9,12.0,4038,2019A,117.0,188,145.0,142,106,A
ADMINISTRACION DE REDES,186.0,9,53.0,4039,2019B,133.0,225,117.0,111,164,B
ADMINISTRACION DE REDES,271.0,9,153.0,4040,2020A,118.0,225,133.0,132,151,A
ADMINISTRACION DE REDES,360.0,9,121.0,4041,2020B,239.0,225,118.0,118,228,B
ADMINISTRACION DE REDES,366.0,9,159.0,4042,2021A,207.0,275,239.0,184,163,A
ADMINISTRACION DE REDES,244.0,9,55.0,4043,2021B,189.0,275,207.0,206,200,B
ADMINISTRACION DE REDES,270.0,9,69.0,4044,2022A,201.0,275,189.0,189,227,A
ADMINISTRACION DE REDES,270.0,9,30.0,4045,2022B,240.0,275,201.0,201,276,B
ADMINISTRACION DE REDES,273.0,9,26.0,4046,2023A,247.0,275,240.0,240,296,A
ADMINISTRACION DE REDES,242.0,8,-4.0,4047,2023B,246.0,0,247.0,247,312,B
ADMINISTRACION DE REDES,121.0,5,28.0,4048,2024A,93.0,0,246.0,246,92,A
ADMINISTRACION DE REDES,120.0,5,84.0,4049,2024B,36.0,0,93.0,93,40,B
ADMINISTRACION DE SERVIDORES,48.0,2,9.0,4029,2014B,39.0,186,0.0,173,194,B
ADMINISTRACION DE SERVIDORES,126.0,4,29.0,4030,2015A,97.0,186,39.0,157,203,A
ADMINISTRACION DE SERVIDORES,129.0,5,4.0,4031,2015B,125.0,186,97.0,173,194,B
ADMINISTRACION DE SERVIDORES,125.0,5,5.0,4032,2016A,120.0,186,125.0,157,203,A
ADMINISTRACION DE SERVIDORES,129.0,5,12.0,4033,2016B,117.0,186,120.0,173,194,B
ADMINISTRACION DE SERVIDORES,160.0,4,16.0,4034,2017A,144.0,186,117.0,157,203,A
ADMINISTRACION DE SERVIDORES,212.0,6,30.0,4035,2017B,182.0,186,144.0,173,194,B
ADMINISTRACION DE SERVIDORES,177.0,7,48.0,4036,2018A,129.0,186,182.0,157,203,A
ADMINISTRACION DE SERVIDORES,122.0,6,7.0,4037,2018B,115.0,186,129.0,127,111,B
ADMINISTRACION DE SERVIDORES,126.0,6,-5.0,4038,2019A,131.0,188,115.0,115,127,A
ADMINISTRACION DE SERVIDORES,240.0,6,123.0,4039,2019B,117.0,225,131.0,127,123,B
ADMINISTRACION DE SERVIDORES,210.0,6,102.0,4040,2020A,108.0,225,117.0,116,156,A
ADMINISTRACION DE SERVIDORES,295.0,7,111.0,4041,2020B,184.0,225,108.0,108,178,B
ADMINISTRACION DE SERVIDORES,294.0,7,65.0,4042,2021A,229.0,275,184.0,143,203,A
ADMINISTRACION DE SERVIDORES,254.0,7,76.0,4043,2021B,178.0,275,229.0,229,173,B
ADMINISTRACION DE SERVIDORES,240.0,7,24.0,4044,2022A,216.0,275,178.0,178,211,A
ADMINISTRACION DE SERVIDORES,280.0,7,63.0,4045,2022B,217.0,275,216.0,216,231,B
ADMINISTRACION DE SERVIDORES,182.0,6,12.0,4046,2023A,170.0,275,217.0,217,260,A
ADMINISTRACION DE SERVIDORES,180.0,6,-6.0,4047,2023B,186.0,0,170.0,170,315,B
ADMINISTRACION DE SERVIDORES,240.0,6,4.0,4048,2024A,236.0,0,186.0,186,345,A
ADMINISTRACION DE SERVIDORES,144.0,4,1.0,4049,2024B,143.0,0,236.0,236,226,B
ADMINISTRACION DE SERVIDORES,152.0,4,18.0,4050,2025A,134.0,0,143.0,143,122,A
ALGORITMIA,160.0,4,51.0,4027,2013B,109.0,186,0.0,285,455,B
ALGORITMIA,80.0,2,23.0,4028,2014A,57.0,186,109.0,251,416,A
ALGORITMIA,245.0,7,77.0,4029,2014B,168.0,186,57.0,285,455,B
ALGORITMIA,283.0,10,31.0,4030,2015A,252.0,186,168.0,251,416,A
ALGORITMIA,175.0,6,5.0,4031,2015B,170.0,186,252.0,285,455,B
ALGORITMIA,257.0,10,11.0,4032,2016A,246.0,186,170.0,251,416,A
ALGORITMIA,403.0,10,91.0,4033,2016B,312.0,186,246.0,285,455,B
ALGORITMIA,391.0,11,128.0,4034,2017A,263.0,186,312.0,251,416,A
ALGORITMIA,247.0,9,47.0,4035,2017B,200.0,186,263.0,285,455,B
ALGORITMIA,212.0,7,27.0,4036,2018A,185.0,186,200.0,251,416,A
ALGORITMIA,210.0,6,17.0,4037,2018B,193.0,186,185.0,177,277,B
ALGORITMIA,234.0,6,14.0,4038,2019A,220.0,188,193.0,192,354,A
ALGORITMIA,275.0,7,32.0,4039,2019B,243.0,225,220.0,213,392,B
ALGORITMIA,244.0,6,72.0,4040,2020A,172.0,225,243.0,243,410,A
ALGORITMIA,295.0,7,55.0,4041,2020B,240.0,225,172.0,172,550,B
ALGORITMIA,381.0,8,39.0,4042,2021A,342.0,275,240.0,214,594,A
ALGORITMIA,411.0,10,63.0,4043,2021B,348.0,275,342.0,342,639,B
ALGORITMIA,439.0,11,16.0,4044,2022A,423.0,275,348.0,348,716,A
ALGORITMIA,440.0,11,38.0,4045,2022B,402.0,275,423.0,423,704,B
ALGORITMIA,441.0,11,14.0,4046,2023A,427.0,275,402.0,402,557,A
ALGORITMIA,280.0,7,16.0,4047,2023B,264.0,0,427.0,427,520,B
ALGORITMIA,282.0,7,42.0,4048,2024A,240.0,0,264.0,264,247,A
ALGORITMIA,140.0,4,49.0,4049,2024B,91.0,0,240.0,240,100,B
ALGORITMIA,40.0,1,14.0,4050,2025A,26.0,0,91.0,91,36,A
ALMACENES DE DATOS (DATA WAREHOUSE),30.0,1,1.0,4032,2016A,29.0,186,0.0,134,144,A
ALMACENES DE DATOS (DATA WAREHOUSE),121.0,3,53.0,4033,2016B,68.0,186,29.0,119,145,B
ALMACENES DE DATOS (DATA WAREHOUSE),120.0,3,41.0,4034,2017A,79.0,186,68.0,134,144,A
ALMACENES DE DATOS (DATA WAREHOUSE),105.0,3,26.0,4035,2017B,79.0,186,79.0,119,145,B
ALMACENES DE DATOS (DATA WAREHOUSE),90.0,3,5.0,4036,2018A,85.0,186,79.0,134,144,A
ALMACENES DE DATOS (DATA WAREHOUSE),125.0,5,10.0,4037,2018B,115.0,186,85.0,85,97,B
ALMACENES DE DATOS (DATA WAREHOUSE),115.0,5,4.0,4038,2019A,111.0,188,115.0,114,94,A
ALMACENES DE DATOS (DATA WAREHOUSE),240.0,6,112.0,4039,2019B,128.0,225,111.0,107,124,B
ALMACENES DE DATOS (DATA WAREHOUSE),210.0,6,106.0,4040,2020A,104.0,225,128.0,128,83,A
ALMACENES DE DATOS (DATA WAREHOUSE),240.0,6,121.0,4041,2020B,119.0,225,104.0,104,98,B
ALMACENES DE DATOS (DATA WAREHOUSE),245.0,6,147.0,4042,2021A,98.0,275,119.0,100,90,A
ALMACENES DE DATOS (DATA WAREHOUSE),180.0,6,46.0,4043,2021B,134.0,275,98.0,98,114,B
ALMACENES DE DATOS (DATA WAREHOUSE),160.0,5,11.0,4044,2022A,149.0,275,134.0,134,138,A
ALMACENES DE DATOS (DATA WAREHOUSE),200.0,5,28.0,4045,2022B,172.0,275,149.0,149,166,B
ALMACENES DE DATOS (DATA WAREHOUSE),160.0,4,27.0,4046,2023A,133.0,275,172.0,172,152,A
ALMACENES DE DATOS (DATA WAREHOUSE),160.0,4,9.0,4047,2023B,151.0,0,133.0,133,182,B
ALMACENES DE DATOS (DATA WAREHOUSE),160.0,4,3.0,4048,2024A,157.0,0,151.0,151,198,A
ALMACENES DE DATOS (DATA WAREHOUSE),141.0,4,2.0,4049,2024B,139.0,0,157.0,157,237,B
ALMACENES DE DATOS (DATA WAREHOUSE),193.0,5,2.0,4050,2025A,191.0,0,139.0,139,250,A
BASES DE DATOS,30.0,1,11.0,4029,2014B,19.0,186,0.0,301,277,B
BASES DE DATOS,230.0,7,24.0,4030,2015A,206.0,186,19.0,248,285,A
BASES DE DATOS,226.0,7,8.0,4031,2015B,218.0,186,206.0,301,277,B
BASES DE DATOS,252.0,7,10.0,4032,2016A,242.0,186,218.0,248,285,A
BASES DE DATOS,283.0,7,65.0,4033,2016B,218.0,186,242.0,301,277,B
BASES DE DATOS,321.0,8,51.0,4034,2017A,270.0,186,218.0,248,285,A
BASES DE DATOS,388.0,11,100.0,4035,2017B,288.0,186,270.0,301,277,B
BASES DE DATOS,308.0,10,15.0,4036,2018A,293.0,186,288.0,248,285,A
BASES DE DATOS,270.0,8,31.0,4037,2018B,239.0,186,293.0,287,222,B
BASES DE DATOS,283.0,8,12.0,4038,2019A,271.0,188,239.0,237,294,A
BASES DE DATOS,286.0,8,33.0,4039,2019B,253.0,225,271.0,262,245,B
BASES DE DATOS,274.0,7,45.0,4040,2020A,229.0,225,253.0,252,296,A
BASES DE DATOS,428.0,10,60.0,4041,2020B,368.0,225,229.0,229,358,B
BASES DE DATOS,400.0,10,22.0,4042,2021A,378.0,275,368.0,335,350,A
BASES DE DATOS,347.0,10,41.0,4043,2021B,306.0,275,378.0,378,283,B
BASES DE DATOS,415.0,12,24.0,4044,2022A,391.0,275,306.0,306,414,A
BASES DE DATOS,480.0,12,203.0,4045,2022B,277.0,275,391.0,390,391,B
BASES DE DATOS,251.0,6,4.0,4046,2023A,247.0,275,277.0,277,322,A
BASES DE DATOS,200.0,5,-1.0,4047,2023B,201.0,0,247.0,288,335,B
BASES DE DATOS,281.0,7,6.0,4048,2024A,275.0,0,201.0,201,288,A
BASES DE DATOS,175.0,5,65.0,4049,2024B,110.0,0,275.0,275,106,B
BASES DE DATOS,38.0,2,11.0,4050,2025A,27.0,0,110.0,128,33,A
CLASIFICACION INTELIGENTE DE DATOS,40.0,1,25.0,4033,2016B,15.0,186,0.0,115,145,B
CLASIFICACION INTELIGENTE DE DATOS,120.0,3,23.0,4034,2017A,97.0,186,15.0,128,147,A
CLASIFICACION INTELIGENTE DE DATOS,146.0,4,42.0,4035,2017B,104.0,186,97.0,115,145,B
CLASIFICACION INTELIGENTE DE DATOS,120.0,4,30.0,4036,2018A,90.0,186,104.0,128,147,A
CLASIFICACION INTELIGENTE DE DATOS,120.0,4,13.0,4037,2018B,107.0,186,90.0,89,93,B
CLASIFICACION INTELIGENTE DE DATOS,101.0,4,10.0,4038,2019A,91.0,188,107.0,106,73,A
CLASIFICACION INTELIGENTE DE DATOS,144.0,4,33.0,4039,2019B,111.0,225,91.0,88,115,B
CLASIFICACION INTELIGENTE DE DATOS,128.0,4,27.0,4040,2020A,101.0,225,111.0,111,109,A
CLASIFICACION INTELIGENTE DE DATOS,160.0,4,49.0,4041,2020B,111.0,225,101.0,101,127,B
CLASIFICACION INTELIGENTE DE DATOS,160.0,4,50.0,4042,2021A,110.0,275,111.0,97,87,A
CLASIFICACION INTELIGENTE DE DATOS,120.0,4,15.0,4043,2021B,105.0,275,110.0,110,100,B
CLASIFICACION INTELIGENTE DE DATOS,120.0,4,6.0,4044,2022A,114.0,275,105.0,105,125,A
CLASIFICACION INTELIGENTE DE DATOS,160.0,4,20.0,4045,2022B,140.0,275,114.0,114,169,B
CLASIFICACION INTELIGENTE DE DATOS,184.0,5,51.0,4046,2023A,133.0,275,140.0,140,174,A
CLASIFICACION INTELIGENTE DE DATOS,184.0,5,32.0,4047,2023B,152.0,0,133.0,133,168,B
CLASIFICACION INTELIGENTE DE DATOS,200.0,5,27.0,4048,2024A,173.0,0,152.0,152,205,A
CLASIFICACION INTELIGENTE DE DATOS,185.0,5,1.0,4049,2024B,184.0,0,173.0,173,243,B
CLASIFICACION INTELIGENTE DE DATOS,248.0,7,28.0,4050,2025A,220.0,0,184.0,184,255,A
CONTROL DE PROYECTOS,17.0,1,3.0,4030,2015A,14.0,186,0.0,162,101,A
CONTROL DE PROYECTOS,82.0,3,0.0,4031,2015B,82.0,186,14.0,153,144,B
CONTROL DE PROYECTOS,76.0,3,2.0,4032,2016A,74.0,186,82.0,162,101,A
CONTROL DE PROYECTOS,120.0,3,42.0,4033,2016B,78.0,186,74.0,153,144,B
CONTROL DE PROYECTOS,160.0,4,78.0,4034,2017A,82.0,186,78.0,162,101,A
CONTROL DE PROYECTOS,176.0,5,76.0,4035,2017B,100.0,186,82.0,153,144,B
CONTROL DE PROYECTOS,199.0,7,47.0,4036,2018A,152.0,186,100.0,162,101,A
CONTROL DE PROYECTOS,209.0,8,74.0,4037,2018B,135.0,186,152.0,152,87,B
CONTROL DE PROYECTOS,136.0,7,27.0,4038,2019A,109.0,188,135.0,134,72,A
CONTROL DE PROYECTOS,264.0,7,135.0,4039,2019B,129.0,225,109.0,104,107,B
CONTROL DE PROYECTOS,160.0,7,67.0,4040,2020A,93.0,225,129.0,128,79,A
CONTROL DE PROYECTOS,280.0,7,85.0,4041,2020B,195.0,225,93.0,93,116,B
CONTROL DE PROYECTOS,271.0,7,116.0,4042,2021A,155.0,275,195.0,179,88,A
CONTROL DE PROYECTOS,194.0,7,25.0,4043,2021B,169.0,275,155.0,155,165,B
CONTROL DE PROYECTOS,180.0,6,9.0,4044,2022A,171.0,275,169.0,169,126,A
CONTROL DE PROYECTOS,240.0,6,140.0,4045,2022B,100.0,275,171.0,171,146,B
CONTROL DE PROYECTOS,240.0,6,36.0,4046,2023A,204.0,275,100.0,100,153,A
CONTROL DE PROYECTOS,240.0,6,5.0,4047,2023B,235.0,0,204.0,204,210,B
CONTROL DE PROYECTOS,240.0,6,50.0,4048,2024A,190.0,0,235.0,235,153,A
CONTROL DE PROYECTOS,212.0,6,22.0,4049,2024B,190.0,0,190.0,190,179,B
CONTROL DE PROYECTOS,140.0,4,49.0,4050,2025A,91.0,0,190.0,190,35,A
ESTADISTICA Y PROCESOS ESTOCASTICOS,80.0,2,33.0,4028,2014A,47.0,186,0.0,494,472,A
ESTADISTICA Y PROCESOS ESTOCASTICOS,176.0,4,38.0,4029,2014B,138.0,186,47.0,494,522,B
ESTADISTICA Y PROCESOS ESTOCASTICOS,546.0,13,186.0,4030,2015A,360.0,186,138.0,494,472,A
ESTADISTICA Y PROCESOS ESTOCASTICOS,758.0,18,45.0,4031,2015B,713.0,186,360.0,494,522,B
ESTADISTICA Y PROCESOS ESTOCASTICOS,763.0,20,42.0,4032,2016A,721.0,186,713.0,494,472,A
ESTADISTICA Y PROCESOS ESTOCASTICOS,804.0,21,110.0,4033,2016B,694.0,186,721.0,494,522,B
ESTADISTICA Y PROCESOS ESTOCASTICOS,722.0,18,316.0,4034,2017A,406.0,186,694.0,494,472,A
ESTADISTICA Y PROCESOS ESTOCASTICOS,473.0,18,35.0,4035,2017B,438.0,186,406.0,494,522,B
ESTADISTICA Y PROCESOS ESTOCASTICOS,560.0,16,142.0,4036,2018A,418.0,186,438.0,494,472,A
ESTADISTICA Y PROCESOS ESTOCASTICOS,561.0,16,46.0,4037,2018B,515.0,186,418.0,404,500,B
ESTADISTICA Y PROCESOS ESTOCASTICOS,610.0,16,21.0,4038,2019A,589.0,188,515.0,509,526,A
ESTADISTICA Y PROCESOS ESTOCASTICOS,612.0,17,53.0,4039,2019B,559.0,225,589.0,564,573,B
ESTADISTICA Y PROCESOS ESTOCASTICOS,578.0,16,124.0,4040,2020A,454.0,225,559.0,552,512,A
ESTADISTICA Y PROCESOS ESTOCASTICOS,668.0,16,45.0,4041,2020B,623.0,225,454.0,453,670,B
ESTADISTICA Y PROCESOS ESTOCASTICOS,643.0,16,31.0,4042,2021A,612.0,275,623.0,524,636,A
ESTADISTICA Y PROCESOS ESTOCASTICOS,656.0,16,39.0,4043,2021B,617.0,275,612.0,612,686,B
ESTADISTICA Y PROCESOS ESTOCASTICOS,701.0,18,73.0,4044,2022A,628.0,275,617.0,617,721,A
ESTADISTICA Y PROCESOS ESTOCASTICOS,653.0,18,61.0,4045,2022B,592.0,275,628.0,627,585,B
ESTADISTICA Y PROCESOS ESTOCASTICOS,680.0,17,147.0,4046,2023A,533.0,275,592.0,592,501,A
ESTADISTICA Y PROCESOS ESTOCASTICOS,526.0,15,51.0,4047,2023B,475.0,0,533.0,532,444,B
ESTADISTICA Y PROCESOS ESTOCASTICOS,392.0,14,124.0,4048,2024A,268.0,0,475.0,475,217,A
ESTADISTICA Y PROCESOS ESTOCASTICOS,262.0,13,72.0,4049,2024B,190.0,0,268.0,269,197,B
ESTADISTICA Y PROCESOS ESTOCASTICOS,207.0,10,25.0,4050,2025A,182.0,0,190.0,191,189,A
ESTRUCTURAS DE DATOS I,160.0,4,82.0,4027,2013B,78.0,186,0.0,372,342,B
ESTRUCTURAS DE DATOS I,307.0,14,48.0,4028,2014A,259.0,186,78.0,330,318,A
ESTRUCTURAS DE DATOS I,455.0,13,152.0,4029,2014B,303.0,186,259.0,372,342,B
ESTRUCTURAS DE DATOS I,441.0,13,39.0,4030,2015A,402.0,186,303.0,330,318,A
ESTRUCTURAS DE DATOS I,394.0,13,30.0,4031,2015B,364.0,186,402.0,372,342,B
ESTRUCTURAS DE DATOS I,492.0,14,40.0,4032,2016A,452.0,186,364.0,330,318,A
ESTRUCTURAS DE DATOS I,563.0,14,147.0,4033,2016B,416.0,186,452.0,372,342,B
ESTRUCTURAS DE DATOS I,520.0,13,198.0,4034,2017A,322.0,186,416.0,330,318,A
ESTRUCTURAS DE DATOS I,491.0,14,117.0,4035,2017B,374.0,186,322.0,372,342,B
ESTRUCTURAS DE DATOS I,420.0,14,38.0,4036,2018A,382.0,186,374.0,330,318,A
ESTRUCTURAS DE DATOS I,461.0,14,37.0,4037,2018B,424.0,186,382.0,372,365,B
ESTRUCTURAS DE DATOS I,451.0,14,45.0,4038,2019A,406.0,188,424.0,417,395,A
ESTRUCTURAS DE DATOS I,555.0,14,97.0,4039,2019B,458.0,225,406.0,378,433,B
ESTRUCTURAS DE DATOS I,566.0,14,244.0,4040,2020A,322.0,225,458.0,454,415,A
ESTRUCTURAS DE DATOS I,640.0,16,163.0,4041,2020B,477.0,225,322.0,322,475,B
ESTRUCTURAS DE DATOS I,721.0,18,208.0,4042,2021A,513.0,275,477.0,311,488,A
ESTRUCTURAS DE DATOS I,720.0,18,135.0,4043,2021B,585.0,275,513.0,513,586,B
ESTRUCTURAS DE DATOS I,626.0,18,39.0,4044,2022A,587.0,275,585.0,585,566,A
ESTRUCTURAS DE DATOS I,640.0,16,190.0,4045,2022B,450.0,275,587.0,587,444,B
ESTRUCTURAS DE DATOS I,401.0,10,10.0,4046,2023A,391.0,275,450.0,450,340,A
ESTRUCTURAS DE DATOS I,120.0,3,34.0,4047,2023B,86.0,0,391.0,391,88,B
ESTRUCTURAS DE DATOS I,40.0,1,1.0,4048,2024A,39.0,0,86.0,86,19,A
ESTRUCTURAS DE DATOS I,35.0,1,30.0,4049,2024B,5.0,0,39.0,39,6,B
ESTRUCTURAS DE DATOS I,40.0,1,39.0,4050,2025A,1.0,0,5.0,5,2,A
ESTRUCTURAS DE DATOS II,65.0,2,36.0,4028,2014A,29.0,186,0.0,287,299,A
ESTRUCTURAS DE DATOS II,255.0,9,83.0,4029,2014B,172.0,186,29.0,286,346,B
ESTRUCTURAS DE DATOS II,251.0,9,16.0,4030,2015A,235.0,186,172.0,287,299,A
ESTRUCTURAS DE DATOS II,296.0,9,7.0,4031,2015B,289.0,186,235.0,286,346,B
ESTRUCTURAS DE DATOS II,263.0,9,5.0,4032,2016A,258.0,186,289.0,287,299,A
ESTRUCTURAS DE DATOS II,387.0,9,48.0,4033,2016B,339.0,186,258.0,286,346,B
ESTRUCTURAS DE DATOS II,400.0,10,102.0,4034,2017A,298.0,186,339.0,287,299,A
ESTRUCTURAS DE DATOS II,351.0,11,99.0,4035,2017B,252.0,186,298.0,286,346,B
ESTRUCTURAS DE DATOS II,243.0,8,21.0,4036,2018A,222.0,186,252.0,287,299,A
ESTRUCTURAS DE DATOS II,315.0,9,34.0,4037,2018B,281.0,186,222.0,220,295,B
ESTRUCTURAS DE DATOS II,324.0,9,22.0,4038,2019A,302.0,188,281.0,278,329,A
ESTRUCTURAS DE DATOS II,390.0,10,75.0,4039,2019B,315.0,225,302.0,295,336,B
ESTRUCTURAS DE DATOS II,362.0,9,91.0,4040,2020A,271.0,225,315.0,313,354,A
ESTRUCTURAS DE DATOS II,382.0,9,24.0,4041,2020B,358.0,225,271.0,271,426,B
ESTRUCTURAS DE DATOS II,467.0,11,131.0,4042,2021A,336.0,275,358.0,279,382,A
ESTRUCTURAS DE DATOS II,386.0,10,54.0,4043,2021B,332.0,275,336.0,335,429,B
ESTRUCTURAS DE DATOS II,480.0,12,55.0,4044,2022A,425.0,275,332.0,332,502,A
ESTRUCTURAS DE DATOS II,480.0,12,68.0,4045,2022B,412.0,275,425.0,425,515,B
ESTRUCTURAS DE DATOS II,480.0,12,101.0,4046,2023A,379.0,275,412.0,412,428,A
ESTRUCTURAS DE DATOS II,402.0,10,55.0,4047,2023B,347.0,0,379.0,379,367,B
ESTRUCTURAS DE DATOS II,80.0,2,2.0,4048,2024A,78.0,0,347.0,346,79,A
ESTRUCTURAS DE DATOS II,70.0,2,24.0,4049,2024B,46.0,0,78.0,78,55,B
ESTRUCTURAS DE DATOS II,38.0,1,30.0,4050,2025A,8.0,0,46.0,46,18,A
FORMACION ESPECIALIZANTE SELECTIVA,0.0,1,0.0,4038,2019A,0.0,188,0.0,,,A
FORMACION OPTATIVA ABIERTA,0.0,1,0.0,4038,2019A,0.0,188,0.0,,,A
HIPERMEDIA,60.0,2,17.0,4029,2014B,43.0,186,0.0,178,140,B
HIPERMEDIA,80.0,2,17.0,4030,2015A,63.0,186,43.0,163,144,A
HIPERMEDIA,98.0,4,3.0,4031,2015B,95.0,186,63.0,178,140,B
HIPERMEDIA,124.0,4,2.0,4032,2016A,122.0,186,95.0,163,144,A
HIPERMEDIA,201.0,5,74.0,4033,2016B,127.0,186,122.0,178,140,B
HIPERMEDIA,202.0,5,59.0,4034,2017A,143.0,186,127.0,163,144,A
HIPERMEDIA,211.0,6,44.0,4035,2017B,167.0,186,143.0,178,140,B
HIPERMEDIA,182.0,6,6.0,4036,2018A,176.0,186,167.0,163,144,A
HIPERMEDIA,139.0,8,1.0,4037,2018B,138.0,186,176.0,174,102,B
HIPERMEDIA,140.0,7,-4.0,4038,2019A,144.0,188,138.0,135,87,A
HIPERMEDIA,184.0,7,34.0,4039,2019B,150.0,225,144.0,141,109,B
HIPERMEDIA,156.0,6,26.0,4040,2020A,130.0,225,150.0,148,126,A
HIPERMEDIA,280.0,7,42.0,4041,2020B,238.0,225,130.0,130,159,B
HIPERMEDIA,280.0,7,61.0,4042,2021A,219.0,275,238.0,208,126,A
HIPERMEDIA,182.0,7,8.0,4043,2021B,174.0,275,219.0,219,120,B
HIPERMEDIA,180.0,6,9.0,4044,2022A,171.0,275,174.0,174,171,A
HIPERMEDIA,215.0,6,9.0,4045,2022B,206.0,275,171.0,171,195,B
HIPERMEDIA,241.0,6,36.0,4046,2023A,205.0,275,206.0,206,239,A
HIPERMEDIA,160.0,6,4.0,4047,2023B,156.0,0,205.0,205,206,B
HIPERMEDIA,240.0,6,32.0,4048,2024A,208.0,0,156.0,156,235,A
HIPERMEDIA,143.0,6,29.0,4049,2024B,114.0,0,208.0,208,86,B
HIPERMEDIA,35.0,1,2.0,4050,2025A,33.0,0,114.0,114,23,A
INGENIERIA DE SOFTWARE I,30.0,1,17.0,4029,2014B,13.0,186,0.0,272,324,B
INGENIERIA DE SOFTWARE I,206.0,7,5.0,4030,2015A,201.0,186,13.0,258,320,A
INGENIERIA DE SOFTWARE I,175.0,7,6.0,4031,2015B,169.0,186,201.0,272,324,B
INGENIERIA DE SOFTWARE I,206.0,7,5.0,4032,2016A,201.0,186,169.0,258,320,A
INGENIERIA DE SOFTWARE I,202.0,7,18.0,4033,2016B,184.0,186,201.0,272,324,B
INGENIERIA DE SOFTWARE I,280.0,7,50.0,4034,2017A,230.0,186,184.0,258,320,A
INGENIERIA DE SOFTWARE I,281.0,9,70.0,4035,2017B,211.0,186,230.0,272,324,B
INGENIERIA DE SOFTWARE I,313.0,11,92.0,4036,2018A,221.0,186,211.0,258,320,A
INGENIERIA DE SOFTWARE I,270.0,9,79.0,4037,2018B,191.0,186,221.0,219,186,B
INGENIERIA DE SOFTWARE I,229.0,10,33.0,4038,2019A,196.0,188,191.0,190,196,A
INGENIERIA DE SOFTWARE I,360.0,9,140.0,4039,2019B,220.0,225,196.0,187,278,B
INGENIERIA DE SOFTWARE I,360.0,9,170.0,4040,2020A,190.0,225,220.0,219,278,A
INGENIERIA DE SOFTWARE I,365.0,9,66.0,4041,2020B,299.0,225,190.0,190,303,B
INGENIERIA DE SOFTWARE I,385.0,9,42.0,4042,2021A,343.0,275,299.0,268,364,A
INGENIERIA DE SOFTWARE I,361.0,9,36.0,4043,2021B,325.0,275,343.0,343,339,B
INGENIERIA DE SOFTWARE I,360.0,9,71.0,4044,2022A,289.0,275,325.0,325,400,A
INGENIERIA DE SOFTWARE I,360.0,9,40.0,4045,2022B,320.0,275,289.0,288,478,B
INGENIERIA DE SOFTWARE I,361.0,9,28.0,4046,2023A,333.0,275,320.0,320,514,A
INGENIERIA DE SOFTWARE I,424.0,11,51.0,4047,2023B,373.0,0,333.0,333,512,B
INGENIERIA DE SOFTWARE I,442.0,11,97.0,4048,2024A,345.0,0,373.0,373,396,A
INGENIERIA DE SOFTWARE I,40.0,1,0.0,4049,2024B,40.0,0,345.0,345,169,B
INGENIERIA DE SOFTWARE I,44.0,1,1.0,4050,2025A,43.0,0,40.0,114,89,A
INGENIERIA DE SOFTWARE II,15.0,1,10.0,4030,2015A,5.0,186,0.0,129,164,A
INGENIERIA DE SOFTWARE II,51.0,3,1.0,4031,2015B,50.0,186,5.0,107,186,B
INGENIERIA DE SOFTWARE II,74.0,2,2.0,4032,2016A,72.0,186,50.0,129,164,A
INGENIERIA DE SOFTWARE II,80.0,2,20.0,4033,2016B,60.0,186,72.0,107,186,B
INGENIERIA DE SOFTWARE II,80.0,2,13.0,4034,2017A,67.0,186,60.0,129,164,A
INGENIERIA DE SOFTWARE II,69.0,2,25.0,4035,2017B,44.0,186,67.0,107,186,B
INGENIERIA DE SOFTWARE II,91.0,3,6.0,4036,2018A,85.0,186,44.0,129,164,A
INGENIERIA DE SOFTWARE II,134.0,4,23.0,4037,2018B,111.0,186,85.0,85,144,B
INGENIERIA DE SOFTWARE II,108.0,4,8.0,4038,2019A,100.0,188,111.0,110,109,A
INGENIERIA DE SOFTWARE II,144.0,4,40.0,4039,2019B,104.0,225,100.0,99,109,B
INGENIERIA DE SOFTWARE II,144.0,4,77.0,4040,2020A,67.0,225,104.0,103,80,A
INGENIERIA DE SOFTWARE II,160.0,4,50.0,4041,2020B,110.0,225,67.0,67,116,B
INGENIERIA DE SOFTWARE II,160.0,4,47.0,4042,2021A,113.0,275,110.0,103,108,A
INGENIERIA DE SOFTWARE II,144.0,4,6.0,4043,2021B,138.0,275,113.0,113,176,B
INGENIERIA DE SOFTWARE II,128.0,4,3.0,4044,2022A,125.0,275,138.0,138,159,A
INGENIERIA DE SOFTWARE II,160.0,4,25.0,4045,2022B,135.0,275,125.0,125,180,B
INGENIERIA DE SOFTWARE II,160.0,4,40.0,4046,2023A,120.0,275,135.0,135,181,A
INGENIERIA DE SOFTWARE II,160.0,4,3.0,4047,2023B,157.0,0,120.0,120,225,B
INGENIERIA DE SOFTWARE II,161.0,4,19.0,4048,2024A,142.0,0,157.0,157,256,A
INGENIERIA DE SOFTWARE II,161.0,4,1.0,4049,2024B,160.0,0,142.0,142,351,B
INGENIERIA DE SOFTWARE II,159.0,4,0.0,4050,2025A,159.0,0,160.0,160,253,A
MATEMATICA DISCRETA,200.0,5,67.0,4026,2013A,133.0,186,0.0,433,32,A
MATEMATICA DISCRETA,482.0,12,146.0,4027,2013B,336.0,186,133.0,361,37,B
MATEMATICA DISCRETA,480.0,12,121.0,4028,2014A,359.0,186,336.0,433,32,A
MATEMATICA DISCRETA,445.0,11,33.0,4029,2014B,412.0,186,359.0,361,37,B
MATEMATICA DISCRETA,451.0,11,58.0,4030,2015A,393.0,186,412.0,433,32,A
MATEMATICA DISCRETA,427.0,11,38.0,4031,2015B,389.0,186,393.0,361,37,B
MATEMATICA DISCRETA,452.0,11,71.0,4032,2016A,381.0,186,389.0,433,32,A
MATEMATICA DISCRETA,448.0,12,58.0,4033,2016B,390.0,186,381.0,361,37,B
MATEMATICA DISCRETA,440.0,11,66.0,4034,2017A,374.0,186,390.0,433,32,A
MATEMATICA DISCRETA,440.0,11,52.0,4035,2017B,388.0,186,374.0,361,37,B
MATEMATICA DISCRETA,440.0,11,62.0,4036,2018A,378.0,186,388.0,433,32,A
MATEMATICA DISCRETA,561.0,14,73.0,4037,2018B,488.0,186,378.0,365,27,B
MATEMATICA DISCRETA,560.0,14,99.0,4038,2019A,461.0,188,488.0,488,35,A
MATEMATICA DISCRETA,649.0,15,104.0,4039,2019B,545.0,225,461.0,422,49,B
MATEMATICA DISCRETA,601.0,15,158.0,4040,2020A,443.0,225,545.0,542,44,A
MATEMATICA DISCRETA,601.0,15,28.0,4041,2020B,573.0,225,443.0,443,53,B
MATEMATICA DISCRETA,608.0,15,50.0,4042,2021A,558.0,275,573.0,510,24,A
MATEMATICA DISCRETA,330.0,8,16.0,4043,2021B,314.0,275,558.0,558,47,B
MATEMATICA DISCRETA,441.0,11,110.0,4044,2022A,331.0,275,314.0,314,28,A
MATEMATICA DISCRETA,350.0,10,38.0,4045,2022B,312.0,275,331.0,331,33,B
MATEMATICA DISCRETA,60.0,3,12.0,4046,2023A,48.0,275,312.0,312,28,A
MATEMATICA DISCRETA,30.0,1,13.0,4047,2023B,17.0,0,48.0,48,11,B
MATEMATICA DISCRETA,30.0,1,29.0,4048,2024A,1.0,0,17.0,433,32,A
METODOS MATEMATICOS I,200.0,5,59.0,4026,2013A,141.0,186,0.0,634,68,A
METODOS MATEMATICOS I,858.0,23,210.0,4027,2013B,648.0,186,141.0,624,77,B
METODOS MATEMATICOS I,920.0,23,232.0,4028,2014A,688.0,186,648.0,634,68,A
METODOS MATEMATICOS I,968.0,22,158.0,4029,2014B,810.0,186,688.0,624,77,B
METODOS MATEMATICOS I,972.0,24,131.0,4030,2015A,841.0,186,810.0,634,68,A
METODOS MATEMATICOS I,972.0,24,96.0,4031,2015B,876.0,186,841.0,624,77,B
METODOS MATEMATICOS I,1003.0,25,193.0,4032,2016A,810.0,186,876.0,634,68,A
METODOS MATEMATICOS I,1106.0,27,271.0,4033,2016B,835.0,186,810.0,624,77,B
METODOS MATEMATICOS I,1091.0,27,244.0,4034,2017A,847.0,186,835.0,634,68,A
METODOS MATEMATICOS I,1055.0,28,176.0,4035,2017B,879.0,186,847.0,624,77,B
METODOS MATEMATICOS I,1107.0,28,297.0,4036,2018A,810.0,186,879.0,634,68,A
METODOS MATEMATICOS I,1160.0,29,240.0,4037,2018B,920.0,186,810.0,764,95,B
METODOS MATEMATICOS I,1150.0,29,275.0,4038,2019A,875.0,188,920.0,917,105,A
METODOS MATEMATICOS I,1142.0,29,253.0,4039,2019B,889.0,225,875.0,786,83,B
METODOS MATEMATICOS I,1076.0,27,383.0,4040,2020A,693.0,225,889.0,883,114,A
METODOS MATEMATICOS I,1164.0,29,219.0,4041,2020B,945.0,225,693.0,693,132,B
METODOS MATEMATICOS I,1126.0,29,256.0,4042,2021A,870.0,275,945.0,823,53,A
METODOS MATEMATICOS I,750.0,20,122.0,4043,2021B,628.0,275,870.0,870,58,B
METODOS MATEMATICOS I,803.0,20,177.0,4044,2022A,626.0,275,628.0,628,32,A
METODOS MATEMATICOS I,800.0,20,221.0,4045,2022B,579.0,275,626.0,626,47,B
METODOS MATEMATICOS I,402.0,12,75.0,4046,2023A,327.0,275,579.0,579,76,A
METODOS MATEMATICOS I,391.0,10,90.0,4047,2023B,301.0,0,327.0,327,62,B
METODOS MATEMATICOS I,370.0,10,66.0,4048,2024A,304.0,0,301.0,301,40,A
METODOS MATEMATICOS I,380.0,10,73.0,4049,2024B,307.0,0,304.0,304,60,B
METODOS MATEMATICOS I,183.0,5,22.0,4050,2025A,161.0,0,307.0,307,59,A
METODOS MATEMATICOS II,160.0,4,95.0,4027,2013B,65.0,186,0.0,622,636,B
METODOS MATEMATICOS II,640.0,16,159.0,4028,2014A,481.0,186,65.0,535,623,A
METODOS MATEMATICOS II,661.0,15,91.0,4029,2014B,570.0,186,481.0,622,636,B
METODOS MATEMATICOS II,793.0,21,140.0,4030,2015A,653.0,186,570.0,535,623,A
METODOS MATEMATICOS II,771.0,21,113.0,4031,2015B,658.0,186,653.0,622,636,B
METODOS MATEMATICOS II,940.0,23,158.0,4032,2016A,782.0,186,658.0,535,623,A
METODOS MATEMATICOS II,904.0,25,223.0,4033,2016B,681.0,186,782.0,622,636,B
METODOS MATEMATICOS II,944.0,23,157.0,4034,2017A,787.0,186,681.0,535,623,A
METODOS MATEMATICOS II,866.0,23,180.0,4035,2017B,686.0,186,787.0,622,636,B
METODOS MATEMATICOS II,923.0,23,117.0,4036,2018A,806.0,186,686.0,535,623,A
METODOS MATEMATICOS II,849.0,23,145.0,4037,2018B,704.0,186,806.0,779,724,B
METODOS MATEMATICOS II,876.0,23,131.0,4038,2019A,745.0,188,704.0,690,878,A
METODOS MATEMATICOS II,920.0,23,245.0,4039,2019B,675.0,225,745.0,708,846,B
METODOS MATEMATICOS II,871.0,23,234.0,4040,2020A,637.0,225,675.0,662,832,A
METODOS MATEMATICOS II,882.0,23,167.0,4041,2020B,715.0,225,637.0,637,795,B
METODOS MATEMATICOS II,926.0,23,117.0,4042,2021A,809.0,275,715.0,574,866,A
METODOS MATEMATICOS II,903.0,23,207.0,4043,2021B,696.0,275,809.0,809,762,B
METODOS MATEMATICOS II,668.0,17,86.0,4044,2022A,582.0,275,696.0,696,602,A
METODOS MATEMATICOS II,620.0,17,92.0,4045,2022B,528.0,275,582.0,584,609,B
METODOS MATEMATICOS II,564.0,14,112.0,4046,2023A,452.0,275,528.0,528,585,A
METODOS MATEMATICOS II,401.0,11,56.0,4047,2023B,345.0,0,452.0,568,408,B
METODOS MATEMATICOS II,341.0,9,71.0,4048,2024A,270.0,0,345.0,345,297,A
METODOS MATEMATICOS II,300.0,9,47.0,4049,2024B,253.0,0,270.0,270,310,B
METODOS MATEMATICOS II,368.0,11,110.0,4050,2025A,258.0,0,253.0,253,304,A
MINERIA DE DATOS,31.0,1,0.0,4032,2016A,31.0,186,0.0,141,137,A
MINERIA DE DATOS,125.0,3,39.0,4033,2016B,86.0,186,31.0,131,135,B
MINERIA DE DATOS,122.0,3,22.0,4034,2017A,100.0,186,86.0,141,137,A
MINERIA DE DATOS,105.0,3,8.0,4035,2017B,97.0,186,100.0,131,135,B
MINERIA DE DATOS,115.0,4,14.0,4036,2018A,101.0,186,97.0,141,137,A
MINERIA DE DATOS,120.0,4,8.0,4037,2018B,112.0,186,101.0,100,90,B
MINERIA DE DATOS,114.0,4,4.0,4038,2019A,110.0,188,112.0,111,84,A
MINERIA DE DATOS,160.0,4,35.0,4039,2019B,125.0,225,110.0,109,113,B
MINERIA DE DATOS,155.0,4,8.0,4040,2020A,147.0,225,125.0,125,112,A
MINERIA DE DATOS,160.0,4,45.0,4041,2020B,115.0,225,147.0,147,100,B
MINERIA DE DATOS,160.0,4,45.0,4042,2021A,115.0,275,115.0,105,78,A
MINERIA DE DATOS,120.0,4,7.0,4043,2021B,113.0,275,115.0,115,104,B
MINERIA DE DATOS,150.0,5,15.0,4044,2022A,135.0,275,113.0,113,118,A
MINERIA DE DATOS,200.0,5,40.0,4045,2022B,160.0,275,135.0,135,145,B
MINERIA DE DATOS,200.0,5,61.0,4046,2023A,139.0,275,160.0,160,163,A
MINERIA DE DATOS,200.0,5,8.0,4047,2023B,192.0,0,139.0,139,181,B
MINERIA DE DATOS,201.0,5,31.0,4048,2024A,170.0,0,192.0,192,184,A
MINERIA DE DATOS,185.0,5,1.0,4049,2024B,184.0,0,170.0,170,209,B
MINERIA DE DATOS,175.0,5,5.0,4050,2025A,170.0,0,184.0,184,222,A
PROGRAMACION,200.0,5,73.0,4026,2013A,127.0,186,0.0,637,138,A
PROGRAMACION,920.0,24,265.0,4027,2013B,655.0,186,127.0,629,165,B
PROGRAMACION,930.0,29,151.0,4028,2014A,779.0,186,655.0,637,138,A
PROGRAMACION,1048.0,26,157.0,4029,2014B,891.0,186,779.0,629,165,B
PROGRAMACION,937.0,25,105.0,4030,2015A,832.0,186,891.0,637,138,A
PROGRAMACION,933.0,25,52.0,4031,2015B,881.0,186,832.0,629,165,B
PROGRAMACION,964.0,29,103.0,4032,2016A,861.0,186,881.0,637,138,A
PROGRAMACION,985.0,31,215.0,4033,2016B,770.0,186,861.0,629,165,B
PROGRAMACION,1161.0,29,312.0,4034,2017A,849.0,186,770.0,637,138,A
PROGRAMACION,1240.0,31,399.0,4035,2017B,841.0,186,849.0,629,165,B
PROGRAMACION,1280.0,32,420.0,4036,2018A,860.0,186,841.0,637,138,A
PROGRAMACION,1156.0,33,304.0,4037,2018B,852.0,186,860.0,813,235,B
PROGRAMACION,1280.0,32,430.0,4038,2019A,850.0,188,852.0,846,290,A
PROGRAMACION,1173.0,32,347.0,4039,2019B,826.0,225,850.0,774,265,B
PROGRAMACION,1222.0,32,537.0,4040,2020A,685.0,225,826.0,816,269,A
PROGRAMACION,1147.0,31,249.0,4041,2020B,898.0,225,685.0,685,281,B
PROGRAMACION,1402.0,35,528.0,4042,2021A,874.0,275,898.0,736,269,A
PROGRAMACION,1327.0,34,447.0,4043,2021B,880.0,275,874.0,874,246,B
PROGRAMACION,1115.0,30,447.0,4044,2022A,668.0,275,880.0,880,39,A
PROGRAMACION,920.0,23,303.0,4045,2022B,617.0,275,668.0,668,45,B
PROGRAMACION,400.0,10,81.0,4046,2023A,319.0,275,617.0,616,42,A
PROGRAMACION,320.0,8,37.0,4047,2023B,283.0,0,319.0,319,42,B
PROGRAMACION,321.0,8,54.0,4048,2024A,267.0,0,283.0,283,39,A
PROGRAMACION,321.0,8,37.0,4049,2024B,284.0,0,267.0,267,42,B
PROGRAMACION,228.0,6,86.0,4050,2025A,142.0,0,284.0,284,18,A
PROGRAMACION PARA INTERNET,38.0,1,7.0,4030,2015A,31.0,186,0.0,342,241,A
PROGRAMACION PARA INTERNET,89.0,3,3.0,4031,2015B,86.0,186,31.0,323,298,B
PROGRAMACION PARA INTERNET,124.0,3,1.0,4032,2016A,123.0,186,86.0,342,241,A
PROGRAMACION PARA INTERNET,162.0,4,16.0,4033,2016B,146.0,186,123.0,323,298,B
PROGRAMACION PARA INTERNET,240.0,6,47.0,4034,2017A,193.0,186,146.0,342,241,A
PROGRAMACION PARA INTERNET,281.0,10,8.0,4035,2017B,273.0,186,193.0,323,298,B
PROGRAMACION PARA INTERNET,354.0,13,78.0,4036,2018A,276.0,186,273.0,342,241,A
PROGRAMACION PARA INTERNET,312.0,13,19.0,4037,2018B,293.0,186,276.0,276,268,B
PROGRAMACION PARA INTERNET,324.0,15,38.0,4038,2019A,286.0,188,293.0,292,212,A
PROGRAMACION PARA INTERNET,352.0,15,46.0,4039,2019B,306.0,225,286.0,279,218,B
PROGRAMACION PARA INTERNET,360.0,15,139.0,4040,2020A,221.0,225,306.0,304,202,A
PROGRAMACION PARA INTERNET,368.0,16,47.0,4041,2020B,321.0,225,221.0,221,273,B
PROGRAMACION PARA INTERNET,640.0,16,323.0,4042,2021A,317.0,275,321.0,246,216,A
PROGRAMACION PARA INTERNET,385.0,16,39.0,4043,2021B,346.0,275,317.0,317,284,B
PROGRAMACION PARA INTERNET,420.0,17,72.0,4044,2022A,348.0,275,346.0,346,219,A
PROGRAMACION PARA INTERNET,575.0,16,174.0,4045,2022B,401.0,275,348.0,347,327,B
PROGRAMACION PARA INTERNET,446.0,17,12.0,4046,2023A,434.0,275,401.0,401,349,A
PROGRAMACION PARA INTERNET,452.0,16,7.0,4047,2023B,445.0,0,434.0,434,378,B
PROGRAMACION PARA INTERNET,452.0,16,62.0,4048,2024A,390.0,0,445.0,445,329,A
PROGRAMACION PARA INTERNET,387.0,15,25.0,4049,2024B,362.0,0,390.0,390,337,B
PROGRAMACION PARA INTERNET,183.0,8,3.0,4050,2025A,180.0,0,362.0,362,158,A
SEGURIDAD DE LA INFORMACION,23.0,1,0.0,4030,2015A,23.0,186,0.0,153,138,A
SEGURIDAD DE LA INFORMACION,87.0,3,2.0,4031,2015B,85.0,186,23.0,142,177,B
SEGURIDAD DE LA INFORMACION,82.0,3,0.0,4032,2016A,82.0,186,85.0,153,138,A
SEGURIDAD DE LA INFORMACION,120.0,3,26.0,4033,2016B,94.0,186,82.0,142,177,B
SEGURIDAD DE LA INFORMACION,120.0,3,24.0,4034,2017A,96.0,186,94.0,153,138,A
SEGURIDAD DE LA INFORMACION,142.0,4,18.0,4035,2017B,124.0,186,96.0,142,177,B
SEGURIDAD DE LA INFORMACION,120.0,4,6.0,4036,2018A,114.0,186,124.0,153,138,A
SEGURIDAD DE LA INFORMACION,140.0,4,16.0,4037,2018B,124.0,186,114.0,116,106,B
SEGURIDAD DE LA INFORMACION,124.0,4,4.0,4038,2019A,120.0,188,124.0,122,82,A
SEGURIDAD DE LA INFORMACION,160.0,4,48.0,4039,2019B,112.0,225,120.0,114,116,B
SEGURIDAD DE LA INFORMACION,120.0,3,41.0,4040,2020A,79.0,225,112.0,110,87,A
SEGURIDAD DE LA INFORMACION,126.0,3,2.0,4041,2020B,124.0,225,79.0,79,147,B
SEGURIDAD DE LA INFORMACION,137.0,3,7.0,4042,2021A,130.0,275,124.0,94,135,A
SEGURIDAD DE LA INFORMACION,160.0,4,26.0,4043,2021B,134.0,275,130.0,130,187,B
SEGURIDAD DE LA INFORMACION,160.0,4,27.0,4044,2022A,133.0,275,134.0,134,183,A
SEGURIDAD DE LA INFORMACION,170.0,4,2.0,4045,2022B,168.0,275,133.0,133,217,B
SEGURIDAD DE LA INFORMACION,240.0,6,22.0,4046,2023A,218.0,275,168.0,168,216,A
SEGURIDAD DE LA INFORMACION,240.0,6,12.0,4047,2023B,228.0,0,218.0,218,229,B
SEGURIDAD DE LA INFORMACION,246.0,6,39.0,4048,2024A,207.0,0,228.0,228,186,A
SEGURIDAD DE LA INFORMACION,217.0,6,1.0,4049,2024B,216.0,0,207.0,207,236,B
SEGURIDAD DE LA INFORMACION,113.0,3,0.0,4050,2025A,113.0,0,216.0,216,76,A
SEMINARIO DE SOLUCION DE PROBLEMAS DE ALGORITMIA,160.0,8,62.0,4027,2013B,98.0,186,0.0,297,491,B
SEMINARIO DE SOLUCION DE PROBLEMAS DE ALGORITMIA,51.0,3,7.0,4028,2014A,44.0,186,98.0,277,442,A
SEMINARIO DE SOLUCION DE PROBLEMAS DE ALGORITMIA,217.0,9,75.0,4029,2014B,142.0,186,44.0,297,491,B
SEMINARIO DE SOLUCION DE PROBLEMAS DE ALGORITMIA,242.0,13,23.0,4030,2015A,219.0,186,142.0,277,442,A
SEMINARIO DE SOLUCION DE PROBLEMAS DE ALGORITMIA,237.0,13,10.0,4031,2015B,227.0,186,219.0,297,491,B
SEMINARIO DE SOLUCION DE PROBLEMAS DE ALGORITMIA,247.0,13,14.0,4032,2016A,233.0,186,227.0,277,442,A
SEMINARIO DE SOLUCION DE PROBLEMAS DE ALGORITMIA,426.0,13,100.0,4033,2016B,326.0,186,233.0,297,491,B
SEMINARIO DE SOLUCION DE PROBLEMAS DE ALGORITMIA,350.0,13,31.0,4034,2017A,319.0,186,326.0,277,442,A
SEMINARIO DE SOLUCION DE PROBLEMAS DE ALGORITMIA,289.0,12,28.0,4035,2017B,261.0,186,319.0,297,491,B
SEMINARIO DE SOLUCION DE PROBLEMAS DE ALGORITMIA,222.0,11,22.0,4036,2018A,200.0,186,261.0,277,442,A
SEMINARIO DE SOLUCION DE PROBLEMAS DE ALGORITMIA,252.0,10,20.0,4037,2018B,232.0,186,200.0,193,327,B
SEMINARIO DE SOLUCION DE PROBLEMAS DE ALGORITMIA,290.0,11,21.0,4038,2019A,269.0,188,232.0,231,419,A
SEMINARIO DE SOLUCION DE PROBLEMAS DE ALGORITMIA,325.0,13,45.0,4039,2019B,280.0,225,269.0,260,444,B
SEMINARIO DE SOLUCION DE PROBLEMAS DE ALGORITMIA,360.0,13,170.0,4040,2020A,190.0,225,280.0,276,400,A
SEMINARIO DE SOLUCION DE PROBLEMAS DE ALGORITMIA,316.0,14,13.0,4041,2020B,303.0,225,190.0,190,548,B
SEMINARIO DE SOLUCION DE PROBLEMAS DE ALGORITMIA,420.0,14,38.0,4042,2021A,382.0,275,303.0,232,592,A
SEMINARIO DE SOLUCION DE PROBLEMAS DE ALGORITMIA,447.0,16,68.0,4043,2021B,379.0,275,382.0,382,643,B
SEMINARIO DE SOLUCION DE PROBLEMAS DE ALGORITMIA,440.0,16,68.0,4044,2022A,372.0,275,379.0,379,693,A
SEMINARIO DE SOLUCION DE PROBLEMAS DE ALGORITMIA,361.0,15,3.0,4045,2022B,358.0,275,372.0,372,732,B
SEMINARIO DE SOLUCION DE PROBLEMAS DE ALGORITMIA,338.0,14,-7.0,4046,2023A,345.0,275,358.0,358,603,A
SEMINARIO DE SOLUCION DE PROBLEMAS DE ALGORITMIA,289.0,12,-7.0,4047,2023B,296.0,0,345.0,371,604,B
SEMINARIO DE SOLUCION DE PROBLEMAS DE ALGORITMIA,314.0,13,0.0,4048,2024A,314.0,0,296.0,296,330,A
SEMINARIO DE SOLUCION DE PROBLEMAS DE ALGORITMIA,241.0,10,74.0,4049,2024B,167.0,0,314.0,314,137,B
SEMINARIO DE SOLUCION DE PROBLEMAS DE ALGORITMIA,56.0,3,0.0,4050,2025A,56.0,0,167.0,167,55,A
SEMINARIO DE SOLUCION DE PROBLEMAS DE BASES DE DATOS,25.0,1,14.0,4029,2014B,11.0,186,0.0,308,286,B
SEMINARIO DE SOLUCION DE PROBLEMAS DE BASES DE DATOS,163.0,8,5.0,4030,2015A,158.0,186,11.0,262,295,A
SEMINARIO DE SOLUCION DE PROBLEMAS DE BASES DE DATOS,186.0,10,2.0,4031,2015B,184.0,186,158.0,308,286,B
SEMINARIO DE SOLUCION DE PROBLEMAS DE BASES DE DATOS,196.0,10,8.0,4032,2016A,188.0,186,184.0,262,295,A
SEMINARIO DE SOLUCION DE PROBLEMAS DE BASES DE DATOS,203.0,10,20.0,4033,2016B,183.0,186,188.0,308,286,B
SEMINARIO DE SOLUCION DE PROBLEMAS DE BASES DE DATOS,289.0,12,19.0,4034,2017A,270.0,186,183.0,262,295,A
SEMINARIO DE SOLUCION DE PROBLEMAS DE BASES DE DATOS,263.0,13,50.0,4035,2017B,213.0,186,270.0,308,286,B
SEMINARIO DE SOLUCION DE PROBLEMAS DE BASES DE DATOS,229.0,11,23.0,4036,2018A,206.0,186,213.0,262,295,A
SEMINARIO DE SOLUCION DE PROBLEMAS DE BASES DE DATOS,320.0,14,39.0,4037,2018B,281.0,186,206.0,204,278,B
SEMINARIO DE SOLUCION DE PROBLEMAS DE BASES DE DATOS,298.0,15,24.0,4038,2019A,274.0,188,281.0,279,300,A
SEMINARIO DE SOLUCION DE PROBLEMAS DE BASES DE DATOS,380.0,16,108.0,4039,2019B,272.0,225,274.0,267,252,B
SEMINARIO DE SOLUCION DE PROBLEMAS DE BASES DE DATOS,391.0,16,127.0,4040,2020A,264.0,225,272.0,270,300,A
SEMINARIO DE SOLUCION DE PROBLEMAS DE BASES DE DATOS,380.0,16,31.0,4041,2020B,349.0,225,264.0,264,317,B
SEMINARIO DE SOLUCION DE PROBLEMAS DE BASES DE DATOS,380.0,16,16.0,4042,2021A,364.0,275,349.0,277,353,A
SEMINARIO DE SOLUCION DE PROBLEMAS DE BASES DE DATOS,390.0,16,32.0,4043,2021B,358.0,275,364.0,364,338,B
SEMINARIO DE SOLUCION DE PROBLEMAS DE BASES DE DATOS,448.0,17,24.0,4044,2022A,424.0,275,358.0,358,433,A
SEMINARIO DE SOLUCION DE PROBLEMAS DE BASES DE DATOS,380.0,16,35.0,4045,2022B,345.0,275,424.0,423,412,B
SEMINARIO DE SOLUCION DE PROBLEMAS DE BASES DE DATOS,338.0,14,51.0,4046,2023A,287.0,275,345.0,345,334,A
SEMINARIO DE SOLUCION DE PROBLEMAS DE BASES DE DATOS,168.0,7,-3.0,4047,2023B,171.0,0,287.0,335,277,B
SEMINARIO DE SOLUCION DE PROBLEMAS DE BASES DE DATOS,313.0,13,16.0,4048,2024A,297.0,0,171.0,171,304,A
SEMINARIO DE SOLUCION DE PROBLEMAS DE BASES DE DATOS,288.0,12,153.0,4049,2024B,135.0,0,297.0,297,127,B
SEMINARIO DE SOLUCION DE PROBLEMAS DE BASES DE DATOS,102.0,3,49.0,4050,2025A,53.0,0,135.0,135,44,A
SEMINARIO DE SOLUCION DE PROBLEMAS DE ESTRUCTURAS DE DATOS I,160.0,8,95.0,4027,2013B,65.0,186,0.0,336,364,B
SEMINARIO DE SOLUCION DE PROBLEMAS DE ESTRUCTURAS DE DATOS I,292.0,19,40.0,4028,2014A,252.0,186,65.0,316,339,A
SEMINARIO DE SOLUCION DE PROBLEMAS DE ESTRUCTURAS DE DATOS I,456.0,19,139.0,4029,2014B,317.0,186,252.0,336,364,B
SEMINARIO DE SOLUCION DE PROBLEMAS DE ESTRUCTURAS DE DATOS I,434.0,19,44.0,4030,2015A,390.0,186,317.0,316,339,A
SEMINARIO DE SOLUCION DE PROBLEMAS DE ESTRUCTURAS DE DATOS I,346.0,19,26.0,4031,2015B,320.0,186,390.0,336,364,B
SEMINARIO DE SOLUCION DE PROBLEMAS DE ESTRUCTURAS DE DATOS I,447.0,17,33.0,4032,2016A,414.0,186,320.0,316,339,A
SEMINARIO DE SOLUCION DE PROBLEMAS DE ESTRUCTURAS DE DATOS I,456.0,17,71.0,4033,2016B,385.0,186,414.0,336,364,B
SEMINARIO DE SOLUCION DE PROBLEMAS DE ESTRUCTURAS DE DATOS I,408.0,17,102.0,4034,2017A,306.0,186,385.0,316,339,A
SEMINARIO DE SOLUCION DE PROBLEMAS DE ESTRUCTURAS DE DATOS I,335.0,15,18.0,4035,2017B,317.0,186,306.0,336,364,B
SEMINARIO DE SOLUCION DE PROBLEMAS DE ESTRUCTURAS DE DATOS I,336.0,14,10.0,4036,2018A,326.0,186,317.0,316,339,A
SEMINARIO DE SOLUCION DE PROBLEMAS DE ESTRUCTURAS DE DATOS I,365.0,15,3.0,4037,2018B,362.0,186,326.0,316,366,B
SEMINARIO DE SOLUCION DE PROBLEMAS DE ESTRUCTURAS DE DATOS I,341.0,17,-2.0,4038,2019A,343.0,188,362.0,357,397,A
SEMINARIO DE SOLUCION DE PROBLEMAS DE ESTRUCTURAS DE DATOS I,424.0,17,19.0,4039,2019B,405.0,225,343.0,323,430,B
SEMINARIO DE SOLUCION DE PROBLEMAS DE ESTRUCTURAS DE DATOS I,424.0,17,125.0,4040,2020A,299.0,225,405.0,401,442,A
SEMINARIO DE SOLUCION DE PROBLEMAS DE ESTRUCTURAS DE DATOS I,505.0,17,77.0,4041,2020B,428.0,225,299.0,299,505,B
SEMINARIO DE SOLUCION DE PROBLEMAS DE ESTRUCTURAS DE DATOS I,552.0,19,76.0,4042,2021A,476.0,275,428.0,322,514,A
SEMINARIO DE SOLUCION DE PROBLEMAS DE ESTRUCTURAS DE DATOS I,547.0,19,53.0,4043,2021B,494.0,275,476.0,476,589,B
SEMINARIO DE SOLUCION DE PROBLEMAS DE ESTRUCTURAS DE DATOS I,476.0,19,37.0,4044,2022A,439.0,275,494.0,494,590,A
SEMINARIO DE SOLUCION DE PROBLEMAS DE ESTRUCTURAS DE DATOS I,499.0,19,15.0,4045,2022B,484.0,275,439.0,439,506,B
SEMINARIO DE SOLUCION DE PROBLEMAS DE ESTRUCTURAS DE DATOS I,433.0,18,-2.0,4046,2023A,435.0,275,484.0,484,384,A
SEMINARIO DE SOLUCION DE PROBLEMAS DE ESTRUCTURAS DE DATOS I,144.0,6,17.0,4047,2023B,127.0,0,435.0,435,128,B
SEMINARIO DE SOLUCION DE PROBLEMAS DE ESTRUCTURAS DE DATOS I,72.0,3,6.0,4048,2024A,66.0,0,127.0,127,38,A
SEMINARIO DE SOLUCION DE PROBLEMAS DE ESTRUCTURAS DE DATOS I,24.0,1,0.0,4049,2024B,24.0,0,66.0,66,22,B
SEMINARIO DE SOLUCION DE PROBLEMAS DE ESTRUCTURAS DE DATOS I,24.0,1,15.0,4050,2025A,9.0,0,24.0,24,8,A
SEMINARIO DE SOLUCION DE PROBLEMAS DE ESTRUCTURAS DE DATOS II,34.0,2,8.0,4028,2014A,26.0,186,0.0,297,322,A
SEMINARIO DE SOLUCION DE PROBLEMAS DE ESTRUCTURAS DE DATOS II,243.0,10,84.0,4029,2014B,159.0,186,26.0,285,376,B
SEMINARIO DE SOLUCION DE PROBLEMAS DE ESTRUCTURAS DE DATOS II,228.0,10,17.0,4030,2015A,211.0,186,159.0,297,322,A
SEMINARIO DE SOLUCION DE PROBLEMAS DE ESTRUCTURAS DE DATOS II,268.0,12,10.0,4031,2015B,258.0,186,211.0,285,376,B
SEMINARIO DE SOLUCION DE PROBLEMAS DE ESTRUCTURAS DE DATOS II,208.0,12,5.0,4032,2016A,203.0,186,258.0,297,322,A
SEMINARIO DE SOLUCION DE PROBLEMAS DE ESTRUCTURAS DE DATOS II,329.0,12,45.0,4033,2016B,284.0,186,203.0,285,376,B
SEMINARIO DE SOLUCION DE PROBLEMAS DE ESTRUCTURAS DE DATOS II,293.0,12,13.0,4034,2017A,280.0,186,284.0,297,322,A
SEMINARIO DE SOLUCION DE PROBLEMAS DE ESTRUCTURAS DE DATOS II,282.0,13,20.0,4035,2017B,262.0,186,280.0,285,376,B
SEMINARIO DE SOLUCION DE PROBLEMAS DE ESTRUCTURAS DE DATOS II,262.0,13,12.0,4036,2018A,250.0,186,262.0,297,322,A
SEMINARIO DE SOLUCION DE PROBLEMAS DE ESTRUCTURAS DE DATOS II,312.0,13,27.0,4037,2018B,285.0,186,250.0,248,312,B
SEMINARIO DE SOLUCION DE PROBLEMAS DE ESTRUCTURAS DE DATOS II,308.0,14,12.0,4038,2019A,296.0,188,285.0,284,345,A
SEMINARIO DE SOLUCION DE PROBLEMAS DE ESTRUCTURAS DE DATOS II,368.0,15,43.0,4039,2019B,325.0,225,296.0,285,385,B
SEMINARIO DE SOLUCION DE PROBLEMAS DE ESTRUCTURAS DE DATOS II,384.0,14,112.0,4040,2020A,272.0,225,325.0,321,362,A
SEMINARIO DE SOLUCION DE PROBLEMAS DE ESTRUCTURAS DE DATOS II,364.0,16,3.0,4041,2020B,361.0,225,272.0,273,454,B
SEMINARIO DE SOLUCION DE PROBLEMAS DE ESTRUCTURAS DE DATOS II,320.0,16,16.0,4042,2021A,304.0,275,361.0,307,420,A
SEMINARIO DE SOLUCION DE PROBLEMAS DE ESTRUCTURAS DE DATOS II,409.0,16,42.0,4043,2021B,367.0,275,304.0,304,477,B
SEMINARIO DE SOLUCION DE PROBLEMAS DE ESTRUCTURAS DE DATOS II,435.0,16,54.0,4044,2022A,381.0,275,367.0,367,534,A
SEMINARIO DE SOLUCION DE PROBLEMAS DE ESTRUCTURAS DE DATOS II,384.0,16,30.0,4045,2022B,354.0,275,381.0,381,512,B
SEMINARIO DE SOLUCION DE PROBLEMAS DE ESTRUCTURAS DE DATOS II,361.0,15,7.0,4046,2023A,354.0,275,354.0,354,435,A
SEMINARIO DE SOLUCION DE PROBLEMAS DE ESTRUCTURAS DE DATOS II,385.0,16,7.0,4047,2023B,378.0,0,354.0,354,415,B
SEMINARIO DE SOLUCION DE PROBLEMAS DE ESTRUCTURAS DE DATOS II,148.0,6,0.0,4048,2024A,148.0,0,378.0,377,136,A
SEMINARIO DE SOLUCION DE PROBLEMAS DE ESTRUCTURAS DE DATOS II,144.0,6,73.0,4049,2024B,71.0,0,148.0,148,79,B
SEMINARIO DE SOLUCION DE PROBLEMAS DE ESTRUCTURAS DE DATOS II,62.0,2,48.0,4050,2025A,14.0,0,71.0,71,23,A
SEMINARIO DE SOLUCION DE PROBLEMAS DE INGENIERIA DE SOFTWARE I,97.0,6,3.0,4030,2015A,94.0,186,0.0,262,365,A
SEMINARIO DE SOLUCION DE PROBLEMAS DE INGENIERIA DE SOFTWARE I,162.0,9,2.0,4031,2015B,160.0,186,94.0,256,417,B
SEMINARIO DE SOLUCION DE PROBLEMAS DE INGENIERIA DE SOFTWARE I,160.0,9,0.0,4032,2016A,160.0,186,160.0,262,365,A
SEMINARIO DE SOLUCION DE PROBLEMAS DE INGENIERIA DE SOFTWARE I,262.0,9,77.0,4033,2016B,185.0,186,160.0,256,417,B
SEMINARIO DE SOLUCION DE PROBLEMAS DE INGENIERIA DE SOFTWARE I,218.0,9,14.0,4034,2017A,204.0,186,185.0,262,365,A
SEMINARIO DE SOLUCION DE PROBLEMAS DE INGENIERIA DE SOFTWARE I,183.0,10,15.0,4035,2017B,168.0,186,204.0,256,417,B
SEMINARIO DE SOLUCION DE PROBLEMAS DE INGENIERIA DE SOFTWARE I,181.0,9,12.0,4036,2018A,169.0,186,168.0,262,365,A
SEMINARIO DE SOLUCION DE PROBLEMAS DE INGENIERIA DE SOFTWARE I,215.0,9,9.0,4037,2018B,206.0,186,169.0,168,261,B
SEMINARIO DE SOLUCION DE PROBLEMAS DE INGENIERIA DE SOFTWARE I,224.0,10,8.0,4038,2019A,216.0,188,206.0,206,253,A
SEMINARIO DE SOLUCION DE PROBLEMAS DE INGENIERIA DE SOFTWARE I,216.0,9,14.0,4039,2019B,202.0,225,216.0,206,313,B
SEMINARIO DE SOLUCION DE PROBLEMAS DE INGENIERIA DE SOFTWARE I,203.0,8,52.0,4040,2020A,151.0,225,202.0,201,281,A
SEMINARIO DE SOLUCION DE PROBLEMAS DE INGENIERIA DE SOFTWARE I,267.0,9,11.0,4041,2020B,256.0,225,151.0,151,358,B
SEMINARIO DE SOLUCION DE PROBLEMAS DE INGENIERIA DE SOFTWARE I,265.0,9,17.0,4042,2021A,248.0,275,256.0,221,343,A
SEMINARIO DE SOLUCION DE PROBLEMAS DE INGENIERIA DE SOFTWARE I,316.0,9,40.0,4043,2021B,276.0,275,248.0,248,440,B
SEMINARIO DE SOLUCION DE PROBLEMAS DE INGENIERIA DE SOFTWARE I,344.0,9,41.0,4044,2022A,303.0,275,276.0,276,485,A
SEMINARIO DE SOLUCION DE PROBLEMAS DE INGENIERIA DE SOFTWARE I,244.0,9,15.0,4045,2022B,229.0,275,303.0,303,579,B
SEMINARIO DE SOLUCION DE PROBLEMAS DE INGENIERIA DE SOFTWARE I,336.0,14,-5.0,4046,2023A,341.0,275,229.0,229,611,A
SEMINARIO DE SOLUCION DE PROBLEMAS DE INGENIERIA DE SOFTWARE I,464.0,18,40.0,4047,2023B,424.0,0,341.0,341,599,B
SEMINARIO DE SOLUCION DE PROBLEMAS DE INGENIERIA DE SOFTWARE I,412.0,17,35.0,4048,2024A,377.0,0,424.0,424,414,A
SEMINARIO DE SOLUCION DE PROBLEMAS DE INGENIERIA DE SOFTWARE I,280.0,10,1.0,4049,2024B,279.0,0,377.0,377,371,B
SEMINARIO DE SOLUCION DE PROBLEMAS DE INGENIERIA DE SOFTWARE I,123.0,5,0.0,4050,2025A,123.0,0,279.0,279,166,A
SEMINARIO DE SOLUCION DE PROBLEMAS DE METODOS MATEMATICOS I,450.0,10,306.0,4026,2013A,144.0,186,0.0,674,75,A
SEMINARIO DE SOLUCION DE PROBLEMAS DE METODOS MATEMATICOS I,827.0,41,223.0,4027,2013B,604.0,186,144.0,667,92,B
SEMINARIO DE SOLUCION DE PROBLEMAS DE METODOS MATEMATICOS I,805.0,39,121.0,4028,2014A,684.0,186,604.0,674,75,A
SEMINARIO DE SOLUCION DE PROBLEMAS DE METODOS MATEMATICOS I,924.0,38,164.0,4029,2014B,760.0,186,684.0,667,92,B
SEMINARIO DE SOLUCION DE PROBLEMAS DE METODOS MATEMATICOS I,173.0,4,18.0,4030,2015A,155.0,186,760.0,674,75,A
SEMINARIO DE SOLUCION DE PROBLEMAS DE METODOS MATEMATICOS I,495.0,16,34.0,4031,2015B,461.0,186,155.0,667,92,B
SEMINARIO DE SOLUCION DE PROBLEMAS DE METODOS MATEMATICOS I,691.0,15,43.0,4032,2016A,648.0,186,461.0,674,75,A
SEMINARIO DE SOLUCION DE PROBLEMAS DE METODOS MATEMATICOS I,2202.0,58,970.0,4033,2016B,1232.0,186,648.0,667,92,B
SEMINARIO DE SOLUCION DE PROBLEMAS DE METODOS MATEMATICOS I,1038.0,25,85.0,4034,2017A,953.0,186,1232.0,674,75,A
SEMINARIO DE SOLUCION DE PROBLEMAS DE METODOS MATEMATICOS I,1167.0,29,100.0,4035,2017B,1067.0,186,953.0,667,92,B
SEMINARIO DE SOLUCION DE PROBLEMAS DE METODOS MATEMATICOS I,1161.0,29,205.0,4036,2018A,956.0,186,1067.0,674,75,A
SEMINARIO DE SOLUCION DE PROBLEMAS DE METODOS MATEMATICOS I,1206.0,30,175.0,4037,2018B,1031.0,186,956.0,903,141,B
SEMINARIO DE SOLUCION DE PROBLEMAS DE METODOS MATEMATICOS I,1156.0,29,236.0,4038,2019A,920.0,188,1031.0,1027,140,A
SEMINARIO DE SOLUCION DE PROBLEMAS DE METODOS MATEMATICOS I,1244.0,30,258.0,4039,2019B,986.0,225,920.0,867,115,B
SEMINARIO DE SOLUCION DE PROBLEMAS DE METODOS MATEMATICOS I,1196.0,31,474.0,4040,2020A,722.0,225,986.0,974,142,A
SEMINARIO DE SOLUCION DE PROBLEMAS DE METODOS MATEMATICOS I,1240.0,31,241.0,4041,2020B,999.0,225,722.0,722,159,B
SEMINARIO DE SOLUCION DE PROBLEMAS DE METODOS MATEMATICOS I,1240.0,31,332.0,4042,2021A,908.0,275,999.0,819,64,A
SEMINARIO DE SOLUCION DE PROBLEMAS DE METODOS MATEMATICOS I,743.0,20,74.0,4043,2021B,669.0,275,908.0,908,67,B
SEMINARIO DE SOLUCION DE PROBLEMAS DE METODOS MATEMATICOS I,802.0,20,177.0,4044,2022A,625.0,275,669.0,669,50,A
SEMINARIO DE SOLUCION DE PROBLEMAS DE METODOS MATEMATICOS I,801.0,20,178.0,4045,2022B,623.0,275,625.0,625,69,B
SEMINARIO DE SOLUCION DE PROBLEMAS DE METODOS MATEMATICOS I,422.0,12,67.0,4046,2023A,355.0,275,623.0,623,69,A
SEMINARIO DE SOLUCION DE PROBLEMAS DE METODOS MATEMATICOS I,420.0,12,110.0,4047,2023B,310.0,0,355.0,355,55,B
SEMINARIO DE SOLUCION DE PROBLEMAS DE METODOS MATEMATICOS I,337.0,12,50.0,4048,2024A,287.0,0,310.0,310,35,A
SEMINARIO DE SOLUCION DE PROBLEMAS DE METODOS MATEMATICOS I,382.0,13,88.0,4049,2024B,294.0,0,287.0,287,40,B
SEMINARIO DE SOLUCION DE PROBLEMAS DE METODOS MATEMATICOS I,232.0,7,81.0,4050,2025A,151.0,0,294.0,294,28,A
SEMINARIO DE SOLUCION DE PROBLEMAS DE METODOS MATEMATICOS II,160.0,8,79.0,4027,2013B,81.0,186,0.0,638,586,B
SEMINARIO DE SOLUCION DE PROBLEMAS DE METODOS MATEMATICOS II,488.0,24,37.0,4028,2014A,451.0,186,81.0,549,576,A
SEMINARIO DE SOLUCION DE PROBLEMAS DE METODOS MATEMATICOS II,649.0,27,140.0,4029,2014B,509.0,186,451.0,638,586,B
SEMINARIO DE SOLUCION DE PROBLEMAS DE METODOS MATEMATICOS II,118.0,4,16.0,4030,2015A,102.0,186,509.0,549,576,A
SEMINARIO DE SOLUCION DE PROBLEMAS DE METODOS MATEMATICOS II,396.0,17,14.0,4031,2015B,382.0,186,102.0,638,586,B
SEMINARIO DE SOLUCION DE PROBLEMAS DE METODOS MATEMATICOS II,409.0,16,7.0,4032,2016A,402.0,186,382.0,549,576,A
SEMINARIO DE SOLUCION DE PROBLEMAS DE METODOS MATEMATICOS II,565.0,16,69.0,4033,2016B,496.0,186,402.0,638,586,B
SEMINARIO DE SOLUCION DE PROBLEMAS DE METODOS MATEMATICOS II,1145.0,33,393.0,4034,2017A,752.0,186,496.0,549,576,A
SEMINARIO DE SOLUCION DE PROBLEMAS DE METODOS MATEMATICOS II,757.0,19,39.0,4035,2017B,718.0,186,752.0,638,586,B
SEMINARIO DE SOLUCION DE PROBLEMAS DE METODOS MATEMATICOS II,887.0,22,38.0,4036,2018A,849.0,186,718.0,549,576,A
SEMINARIO DE SOLUCION DE PROBLEMAS DE METODOS MATEMATICOS II,836.0,23,74.0,4037,2018B,762.0,186,849.0,818,739,B
SEMINARIO DE SOLUCION DE PROBLEMAS DE METODOS MATEMATICOS II,875.0,23,47.0,4038,2019A,828.0,188,762.0,752,865,A
SEMINARIO DE SOLUCION DE PROBLEMAS DE METODOS MATEMATICOS II,920.0,23,243.0,4039,2019B,677.0,225,828.0,787,757,B
SEMINARIO DE SOLUCION DE PROBLEMAS DE METODOS MATEMATICOS II,854.0,23,213.0,4040,2020A,641.0,225,677.0,668,768,A
SEMINARIO DE SOLUCION DE PROBLEMAS DE METODOS MATEMATICOS II,923.0,23,186.0,4041,2020B,737.0,225,641.0,641,778,B
SEMINARIO DE SOLUCION DE PROBLEMAS DE METODOS MATEMATICOS II,924.0,23,90.0,4042,2021A,834.0,275,737.0,639,823,A
SEMINARIO DE SOLUCION DE PROBLEMAS DE METODOS MATEMATICOS II,817.0,23,56.0,4043,2021B,761.0,275,834.0,834,721,B
SEMINARIO DE SOLUCION DE PROBLEMAS DE METODOS MATEMATICOS II,640.0,16,75.0,4044,2022A,565.0,275,761.0,761,554,A
SEMINARIO DE SOLUCION DE PROBLEMAS DE METODOS MATEMATICOS II,597.0,16,77.0,4045,2022B,520.0,275,565.0,564,548,B
SEMINARIO DE SOLUCION DE PROBLEMAS DE METODOS MATEMATICOS II,640.0,16,86.0,4046,2023A,554.0,275,520.0,520,534,A
SEMINARIO DE SOLUCION DE PROBLEMAS DE METODOS MATEMATICOS II,358.0,13,63.0,4047,2023B,295.0,0,554.0,554,328,B
SEMINARIO DE SOLUCION DE PROBLEMAS DE METODOS MATEMATICOS II,339.0,12,70.0,4048,2024A,269.0,0,295.0,299,250,A
SEMINARIO DE SOLUCION DE PROBLEMAS DE METODOS MATEMATICOS II,255.0,11,52.0,4049,2024B,203.0,0,269.0,270,234,B
SEMINARIO DE SOLUCION DE PROBLEMAS DE METODOS MATEMATICOS II,334.0,10,111.0,4050,2025A,223.0,0,203.0,207,237,A
SEMINARIO DE SOLUCION DE PROBLEMAS DE PROGRAMACION,200.0,10,60.0,4026,2013A,140.0,186,0.0,613,139,A
SEMINARIO DE SOLUCION DE PROBLEMAS DE PROGRAMACION,782.0,40,152.0,4027,2013B,630.0,186,140.0,622,162,B
SEMINARIO DE SOLUCION DE PROBLEMAS DE PROGRAMACION,927.0,54,201.0,4028,2014A,726.0,186,630.0,613,139,A
SEMINARIO DE SOLUCION DE PROBLEMAS DE PROGRAMACION,1129.0,47,328.0,4029,2014B,801.0,186,726.0,622,162,B
SEMINARIO DE SOLUCION DE PROBLEMAS DE PROGRAMACION,815.0,43,85.0,4030,2015A,730.0,186,801.0,613,139,A
SEMINARIO DE SOLUCION DE PROBLEMAS DE PROGRAMACION,881.0,47,55.0,4031,2015B,826.0,186,730.0,622,162,B
SEMINARIO DE SOLUCION DE PROBLEMAS DE PROGRAMACION,884.0,44,96.0,4032,2016A,788.0,186,826.0,613,139,A
SEMINARIO DE SOLUCION DE PROBLEMAS DE PROGRAMACION,1012.0,44,314.0,4033,2016B,698.0,186,788.0,622,162,B
SEMINARIO DE SOLUCION DE PROBLEMAS DE PROGRAMACION,990.0,41,194.0,4034,2017A,796.0,186,698.0,613,139,A
SEMINARIO DE SOLUCION DE PROBLEMAS DE PROGRAMACION,1030.0,43,250.0,4035,2017B,780.0,186,796.0,622,162,B
SEMINARIO DE SOLUCION DE PROBLEMAS DE PROGRAMACION,914.0,38,200.0,4036,2018A,714.0,186,780.0,613,139,A
SEMINARIO DE SOLUCION DE PROBLEMAS DE PROGRAMACION,1137.0,50,342.0,4037,2018B,795.0,186,714.0,789,225,B
SEMINARIO DE SOLUCION DE PROBLEMAS DE PROGRAMACION,1102.0,46,260.0,4038,2019A,842.0,188,795.0,790,294,A
SEMINARIO DE SOLUCION DE PROBLEMAS DE PROGRAMACION,1054.0,45,244.0,4039,2019B,810.0,225,842.0,770,249,B
SEMINARIO DE SOLUCION DE PROBLEMAS DE PROGRAMACION,1079.0,45,386.0,4040,2020A,693.0,225,810.0,800,272,A
SEMINARIO DE SOLUCION DE PROBLEMAS DE PROGRAMACION,1068.0,45,200.0,4041,2020B,868.0,225,693.0,692,290,B
SEMINARIO DE SOLUCION DE PROBLEMAS DE PROGRAMACION,911.0,45,53.0,4042,2021A,858.0,275,868.0,739,278,A
SEMINARIO DE SOLUCION DE PROBLEMAS DE PROGRAMACION,1003.0,42,176.0,4043,2021B,827.0,275,858.0,858,254,B
SEMINARIO DE SOLUCION DE PROBLEMAS DE PROGRAMACION,840.0,35,194.0,4044,2022A,646.0,275,827.0,836,46,A
SEMINARIO DE SOLUCION DE PROBLEMAS DE PROGRAMACION,720.0,30,131.0,4045,2022B,589.0,275,646.0,646,43,B
SEMINARIO DE SOLUCION DE PROBLEMAS DE PROGRAMACION,384.0,16,51.0,4046,2023A,333.0,275,589.0,589,44,A
SEMINARIO DE SOLUCION DE PROBLEMAS DE PROGRAMACION,312.0,13,32.0,4047,2023B,280.0,0,333.0,333,45,B
SEMINARIO DE SOLUCION DE PROBLEMAS DE PROGRAMACION,336.0,14,69.0,4048,2024A,267.0,0,280.0,290,18,A
SEMINARIO DE SOLUCION DE PROBLEMAS DE PROGRAMACION,277.0,11,55.0,4049,2024B,222.0,0,267.0,267,27,B
SEMINARIO DE SOLUCION DE PROBLEMAS DE PROGRAMACION,223.0,8,91.0,4050,2025A,132.0,0,222.0,246,18,A
SEMINARIO DE SOLUCION DE PROBLEMAS DE SISTEMAS BASADOS EN CONOCIMIENTO,40.0,1,19.0,4033,2016B,21.0,186,0.0,109,148,B
SEMINARIO DE SOLUCION DE PROBLEMAS DE SISTEMAS BASADOS EN CONOCIMIENTO,73.0,3,13.0,4034,2017A,60.0,186,21.0,119,153,A
SEMINARIO DE SOLUCION DE PROBLEMAS DE SISTEMAS BASADOS EN CONOCIMIENTO,74.0,3,6.0,4035,2017B,68.0,186,60.0,109,148,B
SEMINARIO DE SOLUCION DE PROBLEMAS DE SISTEMAS BASADOS EN CONOCIMIENTO,80.0,4,19.0,4036,2018A,61.0,186,68.0,119,153,A
SEMINARIO DE SOLUCION DE PROBLEMAS DE SISTEMAS BASADOS EN CONOCIMIENTO,118.0,5,49.0,4037,2018B,69.0,186,61.0,60,96,B
SEMINARIO DE SOLUCION DE PROBLEMAS DE SISTEMAS BASADOS EN CONOCIMIENTO,100.0,5,9.0,4038,2019A,91.0,188,69.0,69,97,A
SEMINARIO DE SOLUCION DE PROBLEMAS DE SISTEMAS BASADOS EN CONOCIMIENTO,117.0,5,36.0,4039,2019B,81.0,225,91.0,90,113,B
SEMINARIO DE SOLUCION DE PROBLEMAS DE SISTEMAS BASADOS EN CONOCIMIENTO,115.0,5,36.0,4040,2020A,79.0,225,81.0,80,107,A
SEMINARIO DE SOLUCION DE PROBLEMAS DE SISTEMAS BASADOS EN CONOCIMIENTO,120.0,5,3.0,4041,2020B,117.0,225,79.0,79,134,B
SEMINARIO DE SOLUCION DE PROBLEMAS DE SISTEMAS BASADOS EN CONOCIMIENTO,125.0,5,24.0,4042,2021A,101.0,275,117.0,105,104,A
SEMINARIO DE SOLUCION DE PROBLEMAS DE SISTEMAS BASADOS EN CONOCIMIENTO,120.0,5,5.0,4043,2021B,115.0,275,101.0,101,117,B
SEMINARIO DE SOLUCION DE PROBLEMAS DE SISTEMAS BASADOS EN CONOCIMIENTO,150.0,5,27.0,4044,2022A,123.0,275,115.0,115,140,A
SEMINARIO DE SOLUCION DE PROBLEMAS DE SISTEMAS BASADOS EN CONOCIMIENTO,230.0,6,78.0,4045,2022B,152.0,275,123.0,123,174,B
SEMINARIO DE SOLUCION DE PROBLEMAS DE SISTEMAS BASADOS EN CONOCIMIENTO,200.0,5,61.0,4046,2023A,139.0,275,152.0,152,178,A
SEMINARIO DE SOLUCION DE PROBLEMAS DE SISTEMAS BASADOS EN CONOCIMIENTO,240.0,6,78.0,4047,2023B,162.0,0,139.0,139,187,B
SEMINARIO DE SOLUCION DE PROBLEMAS DE SISTEMAS BASADOS EN CONOCIMIENTO,205.0,5,32.0,4048,2024A,173.0,0,162.0,162,202,A
SEMINARIO DE SOLUCION DE PROBLEMAS DE SISTEMAS BASADOS EN CONOCIMIENTO,150.0,4,1.0,4049,2024B,149.0,0,173.0,173,218,B
SEMINARIO DE SOLUCION DE PROBLEMAS DE SISTEMAS BASADOS EN CONOCIMIENTO,192.0,6,9.0,4050,2025A,183.0,0,149.0,149,243,A
"SEMINARIO DE SOLUCION DE PROBLEMAS DE USO, ADAPTACION, EXPLOTACION DE SISTEMAS OPERATIVOS",14.0,1,0.0,4031,2015B,14.0,186,0.0,119,156,B
"SEMINARIO DE SOLUCION DE PROBLEMAS DE USO, ADAPTACION, EXPLOTACION DE SISTEMAS OPERATIVOS",62.0,4,2.0,4032,2016A,60.0,186,14.0,118,188,A
"SEMINARIO DE SOLUCION DE PROBLEMAS DE USO, ADAPTACION, EXPLOTACION DE SISTEMAS OPERATIVOS",81.0,4,17.0,4033,2016B,64.0,186,60.0,119,156,B
"SEMINARIO DE SOLUCION DE PROBLEMAS DE USO, ADAPTACION, EXPLOTACION DE SISTEMAS OPERATIVOS",96.0,4,20.0,4034,2017A,76.0,186,64.0,118,188,A
"SEMINARIO DE SOLUCION DE PROBLEMAS DE USO, ADAPTACION, EXPLOTACION DE SISTEMAS OPERATIVOS",97.0,4,11.0,4035,2017B,86.0,186,76.0,119,156,B
"SEMINARIO DE SOLUCION DE PROBLEMAS DE USO, ADAPTACION, EXPLOTACION DE SISTEMAS OPERATIVOS",100.0,5,11.0,4036,2018A,89.0,186,86.0,118,188,A
"SEMINARIO DE SOLUCION DE PROBLEMAS DE USO, ADAPTACION, EXPLOTACION DE SISTEMAS OPERATIVOS",100.0,5,16.0,4037,2018B,84.0,186,89.0,88,80,B
"SEMINARIO DE SOLUCION DE PROBLEMAS DE USO, ADAPTACION, EXPLOTACION DE SISTEMAS OPERATIVOS",102.0,5,-4.0,4038,2019A,106.0,188,84.0,83,104,A
"SEMINARIO DE SOLUCION DE PROBLEMAS DE USO, ADAPTACION, EXPLOTACION DE SISTEMAS OPERATIVOS",123.0,5,8.0,4039,2019B,115.0,225,106.0,105,110,B
"SEMINARIO DE SOLUCION DE PROBLEMAS DE USO, ADAPTACION, EXPLOTACION DE SISTEMAS OPERATIVOS",136.0,5,25.0,4040,2020A,111.0,225,115.0,115,116,A
"SEMINARIO DE SOLUCION DE PROBLEMAS DE USO, ADAPTACION, EXPLOTACION DE SISTEMAS OPERATIVOS",112.0,5,8.0,4041,2020B,104.0,225,111.0,111,104,B
"SEMINARIO DE SOLUCION DE PROBLEMAS DE USO, ADAPTACION, EXPLOTACION DE SISTEMAS OPERATIVOS",131.0,5,19.0,4042,2021A,112.0,275,104.0,78,127,A
"SEMINARIO DE SOLUCION DE PROBLEMAS DE USO, ADAPTACION, EXPLOTACION DE SISTEMAS OPERATIVOS",130.0,5,5.0,4043,2021B,125.0,275,112.0,112,122,B
"SEMINARIO DE SOLUCION DE PROBLEMAS DE USO, ADAPTACION, EXPLOTACION DE SISTEMAS OPERATIVOS",180.0,5,19.0,4044,2022A,161.0,275,125.0,125,175,A
"SEMINARIO DE SOLUCION DE PROBLEMAS DE USO, ADAPTACION, EXPLOTACION DE SISTEMAS OPERATIVOS",162.0,5,27.0,4045,2022B,135.0,275,161.0,160,141,B
"SEMINARIO DE SOLUCION DE PROBLEMAS DE USO, ADAPTACION, EXPLOTACION DE SISTEMAS OPERATIVOS",120.0,5,0.0,4046,2023A,120.0,275,135.0,135,199,A
"SEMINARIO DE SOLUCION DE PROBLEMAS DE USO, ADAPTACION, EXPLOTACION DE SISTEMAS OPERATIVOS",99.0,4,-7.0,4047,2023B,106.0,0,120.0,120,223,B
"SEMINARIO DE SOLUCION DE PROBLEMAS DE USO, ADAPTACION, EXPLOTACION DE SISTEMAS OPERATIVOS",138.0,5,1.0,4048,2024A,137.0,0,106.0,106,261,A
"SEMINARIO DE SOLUCION DE PROBLEMAS DE USO, ADAPTACION, EXPLOTACION DE SISTEMAS OPERATIVOS",181.0,6,0.0,4049,2024B,181.0,0,137.0,137,314,B
"SEMINARIO DE SOLUCION DE PROBLEMAS DE USO, ADAPTACION, EXPLOTACION DE SISTEMAS OPERATIVOS",199.0,6,0.0,4050,2025A,199.0,0,181.0,181,334,A
SISTEMAS BASADOS EN CONOCIMIENTO,41.0,1,1.0,4033,2016B,40.0,186,0.0,103,147,B
SISTEMAS BASADOS EN CONOCIMIENTO,120.0,3,31.0,4034,2017A,89.0,186,40.0,121,144,A
SISTEMAS BASADOS EN CONOCIMIENTO,105.0,3,28.0,4035,2017B,77.0,186,89.0,103,147,B
SISTEMAS BASADOS EN CONOCIMIENTO,90.0,3,20.0,4036,2018A,70.0,186,77.0,121,144,A
SISTEMAS BASADOS EN CONOCIMIENTO,90.0,3,3.0,4037,2018B,87.0,186,70.0,68,98,B
SISTEMAS BASADOS EN CONOCIMIENTO,82.0,3,2.0,4038,2019A,80.0,188,87.0,87,76,A
SISTEMAS BASADOS EN CONOCIMIENTO,104.0,3,17.0,4039,2019B,87.0,225,80.0,78,99,B
SISTEMAS BASADOS EN CONOCIMIENTO,98.0,3,38.0,4040,2020A,60.0,225,87.0,87,103,A
SISTEMAS BASADOS EN CONOCIMIENTO,225.0,5,83.0,4041,2020B,142.0,225,60.0,60,156,B
SISTEMAS BASADOS EN CONOCIMIENTO,125.0,5,19.0,4042,2021A,106.0,275,142.0,121,108,A
SISTEMAS BASADOS EN CONOCIMIENTO,150.0,5,32.0,4043,2021B,118.0,275,106.0,106,118,B
SISTEMAS BASADOS EN CONOCIMIENTO,150.0,5,20.0,4044,2022A,130.0,275,118.0,118,134,A
SISTEMAS BASADOS EN CONOCIMIENTO,195.0,5,43.0,4045,2022B,152.0,275,130.0,130,170,B
SISTEMAS BASADOS EN CONOCIMIENTO,144.0,4,18.0,4046,2023A,126.0,275,152.0,152,162,A
SISTEMAS BASADOS EN CONOCIMIENTO,145.0,4,14.0,4047,2023B,131.0,0,126.0,126,162,B
SISTEMAS BASADOS EN CONOCIMIENTO,170.0,4,16.0,4048,2024A,154.0,0,131.0,131,183,A
SISTEMAS BASADOS EN CONOCIMIENTO,153.0,4,0.0,4049,2024B,153.0,0,154.0,154,227,B
SISTEMAS BASADOS EN CONOCIMIENTO,252.0,7,47.0,4050,2025A,205.0,0,153.0,153,240,A
TEORIA DE LA COMPUTACION,374.0,19,51.0,4028,2014A,323.0,186,0.0,283,292,A
TEORIA DE LA COMPUTACION,450.0,15,151.0,4029,2014B,299.0,186,323.0,292,324,B
TEORIA DE LA COMPUTACION,430.0,12,38.0,4030,2015A,392.0,186,299.0,283,292,A
TEORIA DE LA COMPUTACION,372.0,12,24.0,4031,2015B,348.0,186,392.0,292,324,B
TEORIA DE LA COMPUTACION,473.0,12,35.0,4032,2016A,438.0,186,348.0,283,292,A
TEORIA DE LA COMPUTACION,560.0,14,145.0,4033,2016B,415.0,186,438.0,292,324,B
TEORIA DE LA COMPUTACION,510.0,13,217.0,4034,2017A,293.0,186,415.0,283,292,A
TEORIA DE LA COMPUTACION,283.0,8,46.0,4035,2017B,237.0,186,293.0,292,324,B
TEORIA DE LA COMPUTACION,272.0,9,19.0,4036,2018A,253.0,186,237.0,283,292,A
TEORIA DE LA COMPUTACION,290.0,10,34.0,4037,2018B,256.0,186,253.0,244,214,B
TEORIA DE LA COMPUTACION,331.0,10,22.0,4038,2019A,309.0,188,256.0,254,263,A
TEORIA DE LA COMPUTACION,360.0,10,18.0,4039,2019B,342.0,225,309.0,289,347,B
TEORIA DE LA COMPUTACION,402.0,10,95.0,4040,2020A,307.0,225,342.0,339,320,A
TEORIA DE LA COMPUTACION,400.0,10,45.0,4041,2020B,355.0,225,307.0,307,336,B
TEORIA DE LA COMPUTACION,401.0,10,33.0,4042,2021A,368.0,275,355.0,276,339,A
TEORIA DE LA COMPUTACION,416.0,10,47.0,4043,2021B,369.0,275,368.0,368,418,B
TEORIA DE LA COMPUTACION,377.0,10,30.0,4044,2022A,347.0,275,369.0,369,461,A
TEORIA DE LA COMPUTACION,420.0,10,14.0,4045,2022B,406.0,275,347.0,347,591,B
TEORIA DE LA COMPUTACION,401.0,10,27.0,4046,2023A,374.0,275,406.0,406,527,A
TEORIA DE LA COMPUTACION,320.0,8,18.0,4047,2023B,302.0,0,374.0,374,309,B
TEORIA DE LA COMPUTACION,200.0,5,82.0,4048,2024A,118.0,0,302.0,302,105,A
TEORIA DE LA COMPUTACION,38.0,1,1.0,4049,2024B,37.0,0,118.0,118,53,B
TEORIA DE LA COMPUTACION,38.0,1,0.0,4050,2025A,38.0,0,37.0,37,32,A
"USO, ADAPTACION Y EXPLOTACION DE SISTEMAS OPERATIVOS",17.0,1,0.0,4031,2015B,17.0,186,0.0,121,129,B
"USO, ADAPTACION Y EXPLOTACION DE SISTEMAS OPERATIVOS",88.0,3,0.0,4032,2016A,88.0,186,17.0,121,152,A
"USO, ADAPTACION Y EXPLOTACION DE SISTEMAS OPERATIVOS",120.0,3,40.0,4033,2016B,80.0,186,88.0,121,129,B
"USO, ADAPTACION Y EXPLOTACION DE SISTEMAS OPERATIVOS",120.0,3,38.0,4034,2017A,82.0,186,80.0,121,152,A
"USO, ADAPTACION Y EXPLOTACION DE SISTEMAS OPERATIVOS",106.0,3,20.0,4035,2017B,86.0,186,82.0,121,129,B
"USO, ADAPTACION Y EXPLOTACION DE SISTEMAS OPERATIVOS",91.0,3,7.0,4036,2018A,84.0,186,86.0,121,152,A
"USO, ADAPTACION Y EXPLOTACION DE SISTEMAS OPERATIVOS",95.0,3,9.0,4037,2018B,86.0,186,84.0,83,74,B
"USO, ADAPTACION Y EXPLOTACION DE SISTEMAS OPERATIVOS",106.0,3,10.0,4038,2019A,96.0,188,86.0,86,93,A
"USO, ADAPTACION Y EXPLOTACION DE SISTEMAS OPERATIVOS",114.0,3,21.0,4039,2019B,93.0,225,96.0,95,78,B
"USO, ADAPTACION Y EXPLOTACION DE SISTEMAS OPERATIVOS",121.0,3,20.0,4040,2020A,101.0,225,93.0,93,106,A
"USO, ADAPTACION Y EXPLOTACION DE SISTEMAS OPERATIVOS",120.0,3,17.0,4041,2020B,103.0,225,101.0,101,91,B
"USO, ADAPTACION Y EXPLOTACION DE SISTEMAS OPERATIVOS",120.0,3,12.0,4042,2021A,108.0,275,103.0,93,96,A
"USO, ADAPTACION Y EXPLOTACION DE SISTEMAS OPERATIVOS",120.0,3,7.0,4043,2021B,113.0,275,108.0,108,107,B
"USO, ADAPTACION Y EXPLOTACION DE SISTEMAS OPERATIVOS",126.0,3,2.0,4044,2022A,124.0,275,113.0,113,149,A
"USO, ADAPTACION Y EXPLOTACION DE SISTEMAS OPERATIVOS",130.0,3,4.0,4045,2022B,126.0,275,124.0,123,150,B
"USO, ADAPTACION Y EXPLOTACION DE SISTEMAS OPERATIVOS",200.0,5,32.0,4046,2023A,168.0,275,126.0,126,189,A
"USO, ADAPTACION Y EXPLOTACION DE SISTEMAS OPERATIVOS",161.0,4,2.0,4047,2023B,159.0,0,168.0,168,178,B
"USO, ADAPTACION Y EXPLOTACION DE SISTEMAS OPERATIVOS",167.0,4,0.0,4048,2024A,167.0,0,159.0,159,205,A
"USO, ADAPTACION Y EXPLOTACION DE SISTEMAS OPERATIVOS",178.0,5,1.0,4049,2024B,177.0,0,167.0,167,225,B
"USO, ADAPTACION Y EXPLOTACION DE SISTEMAS OPERATIVOS",280.0,7,64.0,4050,2025A,216.0,0,177.0,177,225,A
